top_k_setting,model_kind,temperature,method,n,coverage,acc,acc_within1,acc_within2,mae,rmse,score_inv1p_abs
40,base,0.1,cluster_mean_mean,0,0.0,,,,,,
40,base,0.1,cluster_mean_mean_wsize,0,0.0,,,,,,
40,base,0.1,cluster_mean_mean_wsqrt,0,0.0,,,,,,
40,base,0.1,cluster_mean_median,0,0.0,,,,,,
40,base,0.1,cluster_mean_median_wsize,0,0.0,,,,,,
40,base,0.1,cluster_mean_median_wsqrt,0,0.0,,,,,,
40,base,0.1,cluster_mean_mode,0,0.0,,,,,,
40,base,0.1,cluster_mean_mode_wsize,0,0.0,,,,,,
40,base,0.1,cluster_mean_mode_wsqrt,0,0.0,,,,,,
40,base,0.1,cluster_median_mean,0,0.0,,,,,,
40,base,0.1,cluster_median_mean_wsize,0,0.0,,,,,,
40,base,0.1,cluster_median_mean_wsqrt,0,0.0,,,,,,
40,base,0.1,cluster_median_median,0,0.0,,,,,,
40,base,0.1,cluster_median_median_wsize,0,0.0,,,,,,
40,base,0.1,cluster_median_median_wsqrt,0,0.0,,,,,,
40,base,0.1,cluster_median_mode,0,0.0,,,,,,
40,base,0.1,cluster_median_mode_wsize,0,0.0,,,,,,
40,base,0.1,cluster_median_mode_wsqrt,0,0.0,,,,,,
40,base,0.1,cluster_mode_mean,0,0.0,,,,,,
40,base,0.1,cluster_mode_mean_wsize,0,0.0,,,,,,
40,base,0.1,cluster_mode_mean_wsqrt,0,0.0,,,,,,
40,base,0.1,cluster_mode_median,0,0.0,,,,,,
40,base,0.1,cluster_mode_median_wsize,0,0.0,,,,,,
40,base,0.1,cluster_mode_median_wsqrt,0,0.0,,,,,,
40,base,0.1,cluster_mode_mode,0,0.0,,,,,,
40,base,0.1,cluster_mode_mode_wsize,0,0.0,,,,,,
40,base,0.1,cluster_mode_mode_wsqrt,0,0.0,,,,,,
40,base,0.1,dedup_k_mean,353,0.9971751412429378,0.12181303116147309,0.26912181303116145,0.3881019830028329,inf,inf,0.3129139604821317
40,base,0.1,dedup_k_median,353,0.9971751412429378,0.14447592067988668,0.3597733711048159,0.5042492917847026,72.97450424929178,1056.130547664941,0.3591671312517675
40,base,0.1,dedup_k_mode,353,0.9971751412429378,0.16147308781869688,0.3626062322946176,0.48725212464589235,74.53541076487252,1055.4265721933405,0.36636427656022436
40,base,0.1,dedup_text_mean,353,0.9971751412429378,0.13314447592067988,0.34277620396600567,0.43342776203966005,inf,inf,0.3424100245090963
40,base,0.1,dedup_text_median,353,0.9971751412429378,0.22096317280453256,0.39943342776203966,0.5212464589235127,71.42776203966005,1054.3463880286254,0.4081858999107002
40,base,0.1,dedup_text_mode,353,0.9971751412429378,0.21529745042492918,0.37110481586402266,0.4985835694050991,16.424929178470254,133.2362914090674,0.3964486739287343
40,base,0.1,mean,353,0.9971751412429378,0.11898016997167139,0.26912181303116145,0.36827195467422097,inf,inf,0.30487848846466525
40,base,0.1,median,353,0.9971751412429378,0.15864022662889518,0.31728045325779036,0.42776203966005666,73.20963172804532,1058.3168300409266,0.33842561547521793
40,base,0.1,mode,353,0.9971751412429378,0.16147308781869688,0.29178470254957506,0.3909348441926346,74.0056657223796,1058.3384888307285,0.3275897362536759
40,base,0.1,trimmed_mean_10,353,0.9971751412429378,0.12464589235127478,0.29745042492917845,0.3937677053824363,69.64872521246458,992.8278210006882,0.31583767777926114
40,base,0.1,winsor_mean_10,353,0.9971751412429378,0.11614730878186968,0.26912181303116145,0.38243626062322944,64.85269121813032,901.8950602574081,0.3052761860405146
40,base,0.4,cluster_mean_mean,0,0.0,,,,,,
40,base,0.4,cluster_mean_mean_wsize,0,0.0,,,,,,
40,base,0.4,cluster_mean_mean_wsqrt,0,0.0,,,,,,
40,base,0.4,cluster_mean_median,0,0.0,,,,,,
40,base,0.4,cluster_mean_median_wsize,0,0.0,,,,,,
40,base,0.4,cluster_mean_median_wsqrt,0,0.0,,,,,,
40,base,0.4,cluster_mean_mode,0,0.0,,,,,,
40,base,0.4,cluster_mean_mode_wsize,0,0.0,,,,,,
40,base,0.4,cluster_mean_mode_wsqrt,0,0.0,,,,,,
40,base,0.4,cluster_median_mean,0,0.0,,,,,,
40,base,0.4,cluster_median_mean_wsize,0,0.0,,,,,,
40,base,0.4,cluster_median_mean_wsqrt,0,0.0,,,,,,
40,base,0.4,cluster_median_median,0,0.0,,,,,,
40,base,0.4,cluster_median_median_wsize,0,0.0,,,,,,
40,base,0.4,cluster_median_median_wsqrt,0,0.0,,,,,,
40,base,0.4,cluster_median_mode,0,0.0,,,,,,
40,base,0.4,cluster_median_mode_wsize,0,0.0,,,,,,
40,base,0.4,cluster_median_mode_wsqrt,0,0.0,,,,,,
40,base,0.4,cluster_mode_mean,0,0.0,,,,,,
40,base,0.4,cluster_mode_mean_wsize,0,0.0,,,,,,
40,base,0.4,cluster_mode_mean_wsqrt,0,0.0,,,,,,
40,base,0.4,cluster_mode_median,0,0.0,,,,,,
40,base,0.4,cluster_mode_median_wsize,0,0.0,,,,,,
40,base,0.4,cluster_mode_median_wsqrt,0,0.0,,,,,,
40,base,0.4,cluster_mode_mode,0,0.0,,,,,,
40,base,0.4,cluster_mode_mode_wsize,0,0.0,,,,,,
40,base,0.4,cluster_mode_mode_wsqrt,0,0.0,,,,,,
40,base,0.4,dedup_k_mean,353,0.9971751412429378,0.0906515580736544,0.24929178470254956,0.38243626062322944,inf,inf,0.3034233084066188
40,base,0.4,dedup_k_median,353,0.9971751412429378,0.14730878186968838,0.39943342776203966,0.5779036827195467,349775.940509915,6570941.507824171,0.3941816735957879
40,base,0.4,dedup_k_mode,353,0.9971751412429378,0.17563739376770537,0.43342776203966005,0.6062322946175638,349746.30028328614,6570941.486564616,0.4184754316338931
40,base,0.4,dedup_text_mean,353,0.9971751412429378,0.09631728045325778,0.311614730878187,0.45609065155807366,inf,inf,0.3278660006888989
40,base,0.4,dedup_text_median,353,0.9971751412429378,0.21813031161473087,0.4730878186968839,0.6260623229461756,174934.10198300282,3285470.911779814,0.449510426175917
40,base,0.4,dedup_text_mode,353,0.9971751412429378,0.23796033994334279,0.45892351274787535,0.5949008498583569,70.70254957507082,1057.941986339007,0.4468765964900072
40,base,0.4,mean,353,0.9971751412429378,0.04815864022662889,0.19263456090651557,0.3059490084985836,inf,inf,0.25217247360371653
40,base,0.4,median,353,0.9971751412429378,0.1671388101983003,0.3371104815864023,0.48158640226628896,71.88668555240793,1057.570273718343,0.3646761995446377
40,base,0.4,mode,353,0.9971751412429378,0.1501416430594901,0.3031161473087819,0.37110481586402266,75.09348441926346,1058.4409615664981,0.3178394183201542
40,base,0.4,trimmed_mean_10,353,0.9971751412429378,0.07365439093484419,0.19830028328611898,0.34560906515580736,147939.07365439093,2778966.9283385994,0.27620642151584296
40,base,0.4,winsor_mean_10,353,0.9971751412429378,0.06515580736543909,0.19263456090651557,0.31444759206798867,155849.28328611897,2926246.4034628356,0.2672234387156751
40,base,0.7,cluster_mean_mean,0,0.0,,,,,,
40,base,0.7,cluster_mean_mean_wsize,0,0.0,,,,,,
40,base,0.7,cluster_mean_mean_wsqrt,0,0.0,,,,,,
40,base,0.7,cluster_mean_median,0,0.0,,,,,,
40,base,0.7,cluster_mean_median_wsize,0,0.0,,,,,,
40,base,0.7,cluster_mean_median_wsqrt,0,0.0,,,,,,
40,base,0.7,cluster_mean_mode,0,0.0,,,,,,
40,base,0.7,cluster_mean_mode_wsize,0,0.0,,,,,,
40,base,0.7,cluster_mean_mode_wsqrt,0,0.0,,,,,,
40,base,0.7,cluster_median_mean,0,0.0,,,,,,
40,base,0.7,cluster_median_mean_wsize,0,0.0,,,,,,
40,base,0.7,cluster_median_mean_wsqrt,0,0.0,,,,,,
40,base,0.7,cluster_median_median,0,0.0,,,,,,
40,base,0.7,cluster_median_median_wsize,0,0.0,,,,,,
40,base,0.7,cluster_median_median_wsqrt,0,0.0,,,,,,
40,base,0.7,cluster_median_mode,0,0.0,,,,,,
40,base,0.7,cluster_median_mode_wsize,0,0.0,,,,,,
40,base,0.7,cluster_median_mode_wsqrt,0,0.0,,,,,,
40,base,0.7,cluster_mode_mean,0,0.0,,,,,,
40,base,0.7,cluster_mode_mean_wsize,0,0.0,,,,,,
40,base,0.7,cluster_mode_mean_wsqrt,0,0.0,,,,,,
40,base,0.7,cluster_mode_median,0,0.0,,,,,,
40,base,0.7,cluster_mode_median_wsize,0,0.0,,,,,,
40,base,0.7,cluster_mode_median_wsqrt,0,0.0,,,,,,
40,base,0.7,cluster_mode_mode,0,0.0,,,,,,
40,base,0.7,cluster_mode_mode_wsize,0,0.0,,,,,,
40,base,0.7,cluster_mode_mode_wsqrt,0,0.0,,,,,,
40,base,0.7,dedup_k_mean,353,0.9971751412429378,0.0453257790368272,0.20679886685552407,0.34844192634560905,inf,inf,0.2501811996626715
40,base,0.7,dedup_k_median,353,0.9971751412429378,0.10198300283286119,0.3597733711048159,0.5382436260623229,68.90651558073654,1057.0370530141122,0.3608108683643397
40,base,0.7,dedup_k_mode,353,0.9971751412429378,0.11331444759206799,0.37393767705382436,0.546742209631728,68.98866855524079,1057.0762968917736,0.3701737154028861
40,base,0.7,dedup_text_mean,353,0.9971751412429378,0.07365439093484419,0.21529745042492918,0.3597733711048159,inf,inf,0.2716777835091823
40,base,0.7,dedup_text_median,353,0.9971751412429378,0.20679886685552407,0.4447592067988669,0.5722379603399433,69.76770538243626,1057.6881813426116,0.4279049796771639
40,base,0.7,dedup_text_mode,353,0.9971751412429378,0.2237960339943343,0.40793201133144474,0.5042492917847026,16.722379603399432,130.75187885595605,0.40559331699539936
40,base,0.7,mean,353,0.9971751412429378,0.0679886685552408,0.20396600566572237,0.34277620396600567,inf,inf,0.26376014689177313
40,base,0.7,median,353,0.9971751412429378,0.18980169971671387,0.4164305949008499,0.546742209631728,70.30028328611898,1057.7350943147544,0.40986669142031557
40,base,0.7,mode,353,0.9971751412429378,0.20679886685552407,0.37677053824362605,0.46742209631728043,17.376770538243626,131.7356998598472,0.38237429138087164
40,base,0.7,trimmed_mean_10,353,0.9971751412429378,0.09631728045325778,0.2776203966005666,0.43059490084985835,46689.402266288955,876125.7330930362,0.3174299075815848
40,base,0.7,winsor_mean_10,353,0.9971751412429378,0.08498583569405099,0.26628895184135976,0.40226628895184136,61775.99150141643,1159577.9640126927,0.3056319147798546
40,base,1.0,cluster_mean_mean,0,0.0,,,,,,
40,base,1.0,cluster_mean_mean_wsize,0,0.0,,,,,,
40,base,1.0,cluster_mean_mean_wsqrt,0,0.0,,,,,,
40,base,1.0,cluster_mean_median,0,0.0,,,,,,
40,base,1.0,cluster_mean_median_wsize,0,0.0,,,,,,
40,base,1.0,cluster_mean_median_wsqrt,0,0.0,,,,,,
40,base,1.0,cluster_mean_mode,0,0.0,,,,,,
40,base,1.0,cluster_mean_mode_wsize,0,0.0,,,,,,
40,base,1.0,cluster_mean_mode_wsqrt,0,0.0,,,,,,
40,base,1.0,cluster_median_mean,0,0.0,,,,,,
40,base,1.0,cluster_median_mean_wsize,0,0.0,,,,,,
40,base,1.0,cluster_median_mean_wsqrt,0,0.0,,,,,,
40,base,1.0,cluster_median_median,0,0.0,,,,,,
40,base,1.0,cluster_median_median_wsize,0,0.0,,,,,,
40,base,1.0,cluster_median_median_wsqrt,0,0.0,,,,,,
40,base,1.0,cluster_median_mode,0,0.0,,,,,,
40,base,1.0,cluster_median_mode_wsize,0,0.0,,,,,,
40,base,1.0,cluster_median_mode_wsqrt,0,0.0,,,,,,
40,base,1.0,cluster_mode_mean,0,0.0,,,,,,
40,base,1.0,cluster_mode_mean_wsize,0,0.0,,,,,,
40,base,1.0,cluster_mode_mean_wsqrt,0,0.0,,,,,,
40,base,1.0,cluster_mode_median,0,0.0,,,,,,
40,base,1.0,cluster_mode_median_wsize,0,0.0,,,,,,
40,base,1.0,cluster_mode_median_wsqrt,0,0.0,,,,,,
40,base,1.0,cluster_mode_mode,0,0.0,,,,,,
40,base,1.0,cluster_mode_mode_wsize,0,0.0,,,,,,
40,base,1.0,cluster_mode_mode_wsqrt,0,0.0,,,,,,
40,base,1.0,dedup_k_mean,353,0.9971751412429378,0.053824362606232294,0.1643059490084986,0.26628895184135976,inf,inf,0.22099848940216213
40,base,1.0,dedup_k_median,353,0.9971751412429378,0.10764872521246459,0.29178470254957506,0.46458923512747874,174936.8300283286,3285471.284571009,0.33744520277100853
40,base,1.0,dedup_k_mode,353,0.9971751412429378,0.13314447592067988,0.3059490084985836,0.45609065155807366,67.19830028328612,1051.6426150559419,0.3518208136797256
40,base,1.0,dedup_text_mean,353,0.9971751412429378,0.056657223796033995,0.1954674220963173,0.32294617563739375,inf,inf,0.24172744193074874
40,base,1.0,dedup_text_median,353,0.9971751412429378,0.18413597733711048,0.38526912181303113,0.5212464589235127,70.1841359773371,1055.781319908352,0.4006961094975312
40,base,1.0,dedup_text_mode,353,0.9971751412429378,0.23796033994334279,0.39943342776203966,0.5042492917847026,72.66005665722379,1057.2215027840705,0.414882814955209
40,base,1.0,mean,353,0.9971751412429378,0.05099150141643059,0.1954674220963173,0.32294617563739375,inf,inf,0.23894982429196163
40,base,1.0,median,353,0.9971751412429378,0.18413597733711048,0.38526912181303113,0.5212464589235127,70.1813031161473,1055.781307834,0.40079053820385785
40,base,1.0,mode,353,0.9971751412429378,0.23796033994334279,0.39943342776203966,0.5042492917847026,72.66005665722379,1057.2215027840705,0.414882814955209
40,base,1.0,trimmed_mean_10,353,0.9971751412429378,0.0821529745042493,0.2577903682719547,0.42209631728045327,inf,inf,0.3035554163006664
40,base,1.0,winsor_mean_10,353,0.9971751412429378,0.07932011331444759,0.26062322946175637,0.41359773371104813,inf,inf,0.29867456790251035
40,reasoning,0.1,cluster_mean_mean,351,0.9915254237288136,0.3903133903133903,0.6951566951566952,0.7977207977207977,3.0292269960970816e+27,4.380226748193952e+28,0.6038310105973199
40,reasoning,0.1,cluster_mean_mean_wsize,351,0.9915254237288136,0.4074074074074074,0.7008547008547008,0.7948717948717948,7.460922117257611e+27,1.0598122721193223e+29,0.615058019672722
40,reasoning,0.1,cluster_mean_mean_wsqrt,351,0.9915254237288136,0.4017094017094017,0.7008547008547008,0.7891737891737892,5.230750815279998e+27,7.323379627190423e+28,0.6109761791344043
40,reasoning,0.1,cluster_mean_median,351,0.9915254237288136,0.4074074074074074,0.7122507122507122,0.8148148148148148,1774.2564102564102,33174.447157404604,0.6194005067969007
40,reasoning,0.1,cluster_mean_median_wsize,351,0.9915254237288136,0.41595441595441596,0.7094017094017094,0.7948717948717948,9.511083511693767e+27,1.3882387669323923e+29,0.6221786764941227
40,reasoning,0.1,cluster_mean_median_wsqrt,351,0.9915254237288136,0.42165242165242167,0.7207977207977208,0.8005698005698005,8.66427846488872e+27,1.2405351282853411e+29,0.6277978368751879
40,reasoning,0.1,cluster_mean_mode,351,0.9915254237288136,0.4131054131054131,0.717948717948718,0.8091168091168092,59.81196581196581,1053.0185291779167,0.6246005731012316
40,reasoning,0.1,cluster_mean_mode_wsize,351,0.9915254237288136,0.41595441595441596,0.7094017094017094,0.792022792022792,9.511083511693767e+27,1.3882387669323923e+29,0.6217829816539834
40,reasoning,0.1,cluster_mean_mode_wsqrt,351,0.9915254237288136,0.41025641025641024,0.717948717948718,0.7948717948717948,9.511083511693767e+27,1.3882387669323923e+29,0.6209915919737049
40,reasoning,0.1,cluster_median_mean,351,0.9915254237288136,0.396011396011396,0.7122507122507122,0.8148148148148148,1.0180436847103514e+27,1.9073042319894821e+28,0.6129596184138555
40,reasoning,0.1,cluster_median_mean_wsize,351,0.9915254237288136,0.42735042735042733,0.7293447293447294,0.8233618233618234,3.054131054131054e+26,5.721912695968446e+27,0.6357855995458149
40,reasoning,0.1,cluster_median_mean_wsqrt,351,0.9915254237288136,0.41595441595441596,0.7264957264957265,0.811965811965812,6.671321656031137e+26,1.24987171165759e+28,0.6269355329792099
40,reasoning,0.1,cluster_median_median,351,0.9915254237288136,0.42450142450142453,0.7407407407407407,0.8376068376068376,31.65811965811966,526.7327395533516,0.6362671068960426
40,reasoning,0.1,cluster_median_median_wsize,351,0.9915254237288136,0.4586894586894587,0.7549857549857549,0.8433048433048433,30584049.054131053,572991911.2198873,0.6601009293113546
40,reasoning,0.1,cluster_median_median_wsqrt,351,0.9915254237288136,0.46438746438746437,0.7663817663817664,0.8490028490028491,30584049.02849003,572991911.2198873,0.6653243948522805
40,reasoning,0.1,cluster_median_mode,351,0.9915254237288136,0.4472934472934473,0.7578347578347578,0.8461538461538461,3.6125356125356127,19.13067970519882,0.6547976323057005
40,reasoning,0.1,cluster_median_mode_wsize,351,0.9915254237288136,0.4586894586894587,0.7549857549857549,0.8404558404558404,30584049.05698006,572991911.2198873,0.659863512407271
40,reasoning,0.1,cluster_median_mode_wsqrt,351,0.9915254237288136,0.45584045584045585,0.7663817663817664,0.8461538461538461,30584049.042735044,572991911.2198873,0.6608131800236053
40,reasoning,0.1,cluster_mode_mean,351,0.9915254237288136,0.4045584045584046,0.7094017094017094,0.8091168091168092,1.0180436847103514e+27,1.9073042319894821e+28,0.6169482848638607
40,reasoning,0.1,cluster_mode_mean_wsize,351,0.9915254237288136,0.42735042735042733,0.7207977207977208,0.8262108262108262,3.054131054131054e+26,5.721912695968446e+27,0.6344427008506676
40,reasoning,0.1,cluster_mode_mean_wsqrt,351,0.9915254237288136,0.4131054131054131,0.7321937321937322,0.8176638176638177,6.671321656031137e+26,1.24987171165759e+28,0.6275853115972526
40,reasoning,0.1,cluster_mode_median,351,0.9915254237288136,0.42450142450142453,0.7350427350427351,0.8347578347578347,31.62962962962963,526.745228371872,0.6357000464218998
40,reasoning,0.1,cluster_mode_median_wsize,351,0.9915254237288136,0.45014245014245013,0.7521367521367521,0.8461538461538461,3.5413105413105415,19.36373972027139,0.6557388682893385
40,reasoning,0.1,cluster_mode_median_wsqrt,351,0.9915254237288136,0.45584045584045585,0.7606837606837606,0.8461538461538461,3.5213675213675213,19.34629686216983,0.6600231404891104
40,reasoning,0.1,cluster_mode_mode,351,0.9915254237288136,0.45014245014245013,0.7549857549857549,0.8461538461538461,4.002849002849003,20.16534219003054,0.6546695266087164
40,reasoning,0.1,cluster_mode_mode_wsize,351,0.9915254237288136,0.45014245014245013,0.7521367521367521,0.8433048433048433,3.544159544159544,19.364107543820886,0.6555014513852548
40,reasoning,0.1,cluster_mode_mode_wsqrt,351,0.9915254237288136,0.4472934472934473,0.7606837606837606,0.8433048433048433,3.544159544159544,19.364696046967868,0.6552640344811713
40,reasoning,0.1,dedup_k_mean,352,0.9943502824858758,0.3210227272727273,0.6335227272727273,0.7414772727272727,9.915559753784683e+27,1.3210567116735814e+29,0.5501928296075936
40,reasoning,0.1,dedup_k_median,352,0.9943502824858758,0.3778409090909091,0.7017045454545454,0.8096590909090909,3.9261363636363638,17.760560238911385,0.6037706255068233
40,reasoning,0.1,dedup_k_mode,352,0.9943502824858758,0.4034090909090909,0.7130681818181818,0.8125,4.082386363636363,19.385810766922003,0.6197436129826168
40,reasoning,0.1,dedup_text_mean,352,0.9943502824858758,0.41761363636363635,0.6960227272727273,0.8011363636363636,7.439726315788128e+27,1.0583057862517257e+29,0.6192356301937569
40,reasoning,0.1,dedup_text_median,352,0.9943502824858758,0.4630681818181818,0.75,0.8494318181818182,3.53125,18.955615023234962,0.6614434694968302
40,reasoning,0.1,dedup_text_mode,352,0.9943502824858758,0.45738636363636365,0.7414772727272727,0.8352272727272727,3.659090909090909,19.413707668926754,0.6554180649474768
40,reasoning,0.1,mean,352,0.9943502824858758,0.41761363636363635,0.6988636363636364,0.8011363636363636,7.439726315788128e+27,1.0583057862517257e+29,0.6197091150422417
40,reasoning,0.1,median,352,0.9943502824858758,0.4659090909090909,0.75,0.8494318181818182,3.528409090909091,18.955540087267362,0.6628639240422847
40,reasoning,0.1,mode,352,0.9943502824858758,0.4602272727272727,0.7414772727272727,0.8352272727272727,3.65625,19.41363450118124,0.6568385194929314
40,reasoning,0.1,trimmed_mean_10,352,0.9943502824858758,0.4346590909090909,0.7301136363636364,0.8181818181818182,1.1223721590909092e+27,2.10575682535482e+28,0.6388914457085387
40,reasoning,0.1,winsor_mean_10,352,0.9943502824858758,0.42613636363636365,0.7130681818181818,0.8096590909090909,1.5069886363636364e+27,2.8273612999499275e+28,0.6297809674766915
40,reasoning,0.4,cluster_mean_mean,353,0.9971751412429378,0.38526912181303113,0.6657223796033994,0.7620396600566572,5.887650593033029e+26,1.1061891165389257e+28,0.5922423498514183
40,reasoning,0.4,cluster_mean_mean_wsize,353,0.9971751412429378,0.40793201133144474,0.6770538243626062,0.7875354107648725,9.018786342627105e+26,1.6944761138525056e+28,0.608643687710287
40,reasoning,0.4,cluster_mean_mean_wsqrt,353,0.9971751412429378,0.42209631728045327,0.660056657223796,0.7677053824362606,7.00198373783713e+26,1.3155533064654688e+28,0.6109420538671736
40,reasoning,0.4,cluster_mean_median,353,0.9971751412429378,0.4192634560906516,0.7082152974504249,0.8016997167138811,155812.25779036828,2927371.1776956934,0.6246518356240398
40,reasoning,0.4,cluster_mean_median_wsize,353,0.9971751412429378,0.43342776203966005,0.7025495750708215,0.7960339943342776,311624.37960339943,5854742.675003729,0.6296663033537897
40,reasoning,0.4,cluster_mean_median_wsqrt,353,0.9971751412429378,0.43342776203966005,0.7025495750708215,0.8073654390934845,311624.2946175637,5854742.675003498,0.631410199684749
40,reasoning,0.4,cluster_mean_mode,353,0.9971751412429378,0.43626062322946174,0.7025495750708215,0.8073654390934845,311621.67422096315,5854742.674666175,0.6323340581933589
40,reasoning,0.4,cluster_mean_mode_wsize,353,0.9971751412429378,0.43342776203966005,0.7025495750708215,0.7932011331444759,1.5802913800080938e+27,2.969097941365262e+28,0.629138727767952
40,reasoning,0.4,cluster_mean_mode_wsqrt,353,0.9971751412429378,0.4447592067988669,0.7082152974504249,0.8016997167138811,311624.30028328614,5854742.6750036655,0.6376474853535876
40,reasoning,0.4,cluster_median_mean,353,0.9971751412429378,0.40793201133144474,0.7082152974504249,0.8045325779036827,4.67204183918065e+26,8.777969672031363e+27,0.6164661281272554
40,reasoning,0.4,cluster_median_mean_wsize,353,0.9971751412429378,0.4447592067988669,0.7365439093484419,0.830028328611898,3.1966602057551815e+26,6.005979249284618e+27,0.6439173229604601
40,reasoning,0.4,cluster_median_mean_wsqrt,353,0.9971751412429378,0.44192634560906513,0.71671388101983,0.8186968838526912,4.146971453594732e+26,7.791451982548663e+27,0.6372412710755665
40,reasoning,0.4,cluster_median_median,353,0.9971751412429378,0.46742209631728043,0.7563739376770539,0.8470254957507082,194789.01416430596,3659685.715283124,0.662074746301176
40,reasoning,0.4,cluster_median_median_wsize,353,0.9971751412429378,0.48725212464589235,0.7620396600566572,0.8470254957507082,389574.2011331445,7319371.749834447,0.6739131276302568
40,reasoning,0.4,cluster_median_median_wsqrt,353,0.9971751412429378,0.48725212464589235,0.7620396600566572,0.8555240793201133,389574.1756373938,7319371.749834364,0.6750940886832333
40,reasoning,0.4,cluster_median_mode,353,0.9971751412429378,0.48158640226628896,0.7563739376770539,0.8526912181303116,389574.4957507082,7319371.749838241,0.669884811851806
40,reasoning,0.4,cluster_median_mode_wsize,353,0.9971751412429378,0.48725212464589235,0.7620396600566572,0.8470254957507082,389574.20396600565,7319371.749834482,0.6738609517383398
40,reasoning,0.4,cluster_median_mode_wsqrt,353,0.9971751412429378,0.4985835694050991,0.7677053824362606,0.8498583569405099,389574.18413597735,7319371.749834483,0.6807858964819815
40,reasoning,0.4,cluster_mode_mean,353,0.9971751412429378,0.39943342776203966,0.7082152974504249,0.8073654390934845,4.67204183918065e+26,8.777969672031363e+27,0.6119468573440637
40,reasoning,0.4,cluster_mode_mean_wsize,353,0.9971751412429378,0.43909348441926344,0.7223796033994334,0.8271954674220963,3.1966602057551815e+26,6.005979249284618e+27,0.6384104023523508
40,reasoning,0.4,cluster_mode_mean_wsqrt,353,0.9971751412429378,0.43342776203966005,0.7138810198300283,0.8243626062322946,4.146971453594732e+26,7.791451982548663e+27,0.6325896838292966
40,reasoning,0.4,cluster_mode_median,353,0.9971751412429378,0.45042492917847027,0.7507082152974505,0.8470254957507082,194789.10481586403,3659685.7152844644,0.6522509680913432
40,reasoning,0.4,cluster_mode_median_wsize,353,0.9971751412429378,0.46175637393767704,0.7507082152974505,0.8413597733711048,389574.36827195465,7319371.749835515,0.6589644744923266
40,reasoning,0.4,cluster_mode_median_wsqrt,353,0.9971751412429378,0.4702549575070821,0.7592067988668555,0.8555240793201133,389574.32011331443,7319371.749835422,0.6662388463837563
40,reasoning,0.4,cluster_mode_mode,353,0.9971751412429378,0.46175637393767704,0.7422096317280453,0.8498583569405099,389574.6147308782,7319371.749838993,0.6571897155999982
40,reasoning,0.4,cluster_mode_mode_wsize,353,0.9971751412429378,0.46175637393767704,0.7535410764872521,0.8441926345609065,389574.3597733711,7319371.749835545,0.6597823916801344
40,reasoning,0.4,cluster_mode_mode_wsqrt,353,0.9971751412429378,0.47592067988668557,0.7620396600566572,0.8498583569405099,389574.3314447592,7319371.749835543,0.6688319823161275
40,reasoning,0.4,dedup_k_mean,353,0.9971751412429378,0.311614730878187,0.5949008498583569,0.7450424929178471,1.5577903682719547e+27,2.92682237847251e+28,0.5354007168203404
40,reasoning,0.4,dedup_k_median,353,0.9971751412429378,0.37110481586402266,0.6827195467422096,0.8101983002832861,389358.6487252125,7315315.607262763,0.5953339792887626
40,reasoning,0.4,dedup_k_mode,353,0.9971751412429378,0.39660056657223797,0.6940509915014165,0.8158640226628895,389358.85269121814,7315315.607265243,0.610946348780016
40,reasoning,0.4,dedup_text_mean,353,0.9971751412429378,0.40226628895184136,0.6685552407932012,0.7875354107648725,9.018786342627105e+26,1.6944761138525056e+28,0.6041837816401785
40,reasoning,0.4,dedup_text_median,353,0.9971751412429378,0.47875354107648727,0.7592067988668555,0.8498583569405099,389466.28611898015,7317343.67855044,0.6694456875660323
40,reasoning,0.4,dedup_text_mode,353,0.9971751412429378,0.4702549575070821,0.7648725212464589,0.8526912181303116,389574.2946175637,7319371.749833974,0.666253530462149
40,reasoning,0.4,mean,353,0.9971751412429378,0.40226628895184136,0.6685552407932012,0.7875354107648725,9.018786342627105e+26,1.6944761138525056e+28,0.6041837816401785
40,reasoning,0.4,median,353,0.9971751412429378,0.47875354107648727,0.7592067988668555,0.8498583569405099,389466.28611898015,7317343.67855044,0.6694456875660323
40,reasoning,0.4,mode,353,0.9971751412429378,0.4702549575070821,0.7648725212464589,0.8526912181303116,389574.2946175637,7319371.749833974,0.666253530462149
40,reasoning,0.4,trimmed_mean_10,353,0.9971751412429378,0.43342776203966005,0.7308781869688386,0.830028328611898,6.507082152974505e+26,1.2225697405621669e+28,0.6381407472375268
40,reasoning,0.4,winsor_mean_10,353,0.9971751412429378,0.43342776203966005,0.7223796033994334,0.8243626062322946,8.804085284031608e+26,1.6541374472528328e+28,0.6358303829679623
40,reasoning,0.7,cluster_mean_mean,353,0.9971751412429378,0.34844192634560905,0.6203966005665722,0.7308781869688386,171588.5042492918,3217417.353649452,0.5606178405832567
40,reasoning,0.7,cluster_mean_mean_wsize,353,0.9971751412429378,0.3654390934844193,0.6685552407932012,0.7705382436260623,233979.71671388103,4389641.780737324,0.5837998095710559
40,reasoning,0.7,cluster_mean_mean_wsqrt,353,0.9971751412429378,0.35127478753541075,0.6345609065155807,0.7535410764872521,201799.32011331446,3785033.2591070635,0.5680245533472279
40,reasoning,0.7,cluster_mean_median,353,0.9971751412429378,0.42209631728045327,0.6968838526912181,0.8073654390934845,194652.6345609065,3656728.946447764,0.6232467235769895
40,reasoning,0.7,cluster_mean_median_wsize,353,0.9971751412429378,0.3937677053824363,0.71671388101983,0.8016997167138811,272656.6005665722,5122308.927409015,0.6126095698843282
40,reasoning,0.7,cluster_mean_median_wsqrt,353,0.9971751412429378,0.42209631728045327,0.7195467422096318,0.8073654390934845,272656.552407932,5122308.927409028,0.6280176265742546
40,reasoning,0.7,cluster_mean_mode,353,0.9971751412429378,0.41359773371104813,0.7025495750708215,0.8130311614730878,23.6685552407932,373.00701753114345,0.6216024163858727
40,reasoning,0.7,cluster_mean_mode_wsize,353,0.9971751412429378,0.3937677053824363,0.7110481586402266,0.8045325779036827,272656.8016997167,5122308.92741754,0.6124358197905929
40,reasoning,0.7,cluster_mean_mode_wsqrt,353,0.9971751412429378,0.39943342776203966,0.7025495750708215,0.8073654390934845,272656.83002832864,5122308.9274176285,0.613784576479293
40,reasoning,0.7,cluster_median_mean,353,0.9971751412429378,0.35410764872521244,0.6628895184135978,0.7620396600566572,194912.68555240793,3656018.0610413565,0.5767031817127558
40,reasoning,0.7,cluster_median_mean_wsize,353,0.9971751412429378,0.40509915014164305,0.71671388101983,0.8215297450424929,311774.06798866857,5851645.189435168,0.6213919259584584
40,reasoning,0.7,cluster_median_mean_wsqrt,353,0.9971751412429378,0.38243626062322944,0.6798866855524079,0.7875354107648725,250495.3654390935,4700328.955272779,0.5980049716473438
40,reasoning,0.7,cluster_median_median,353,0.9971751412429378,0.44192634560906513,0.7280453257790368,0.8356940509915014,194632.64872521246,3656728.9274729583,0.6435942270758231
40,reasoning,0.7,cluster_median_median_wsize,353,0.9971751412429378,0.46458923512747874,0.7762039660056658,0.8583569405099151,389358.4135977337,7315315.447595127,0.6675942677004779
40,reasoning,0.7,cluster_median_median_wsqrt,353,0.9971751412429378,0.48158640226628896,0.7762039660056658,0.8611898016997167,388970.2747875354,7308023.5136741055,0.6765413876249554
40,reasoning,0.7,cluster_median_mode,353,0.9971751412429378,0.43909348441926344,0.7337110481586402,0.8328611898016998,3.7592067988668556,19.069353073161533,0.6429960818477
40,reasoning,0.7,cluster_median_mode_wsize,353,0.9971751412429378,0.46458923512747874,0.7705382436260623,0.8526912181303116,389358.4249291785,7315315.447595131,0.666177837105577
40,reasoning,0.7,cluster_median_mode_wsqrt,353,0.9971751412429378,0.46458923512747874,0.7648725212464589,0.8555240793201133,389358.43059490086,7315315.4475951325,0.6653279787486365
40,reasoning,0.7,cluster_mode_mean,353,0.9971751412429378,0.3597733711048159,0.6628895184135978,0.773371104815864,155987.06798866857,2924673.276909398,0.5800167000518973
40,reasoning,0.7,cluster_mode_mean_wsize,353,0.9971751412429378,0.40793201133144474,0.7252124645892352,0.8243626062322946,285823.671388102,5364081.277912888,0.6232909361096527
40,reasoning,0.7,cluster_mode_mean_wsqrt,353,0.9971751412429378,0.3937677053824363,0.6940509915014165,0.8073654390934845,214169.54957507082,4017830.0685534594,0.6073194398471231
40,reasoning,0.7,cluster_mode_median,353,0.9971751412429378,0.43909348441926344,0.7280453257790368,0.8385269121813032,4.620396600566572,25.02016184167419,0.6427190441799857
40,reasoning,0.7,cluster_mode_median_wsize,353,0.9971751412429378,0.46458923512747874,0.7818696883852692,0.8611898016997167,389358.447592068,7315315.0217980845,0.6668023682745788
40,reasoning,0.7,cluster_mode_median_wsqrt,353,0.9971751412429378,0.47592067988668557,0.7818696883852692,0.8640226628895185,388970.34560906515,7308023.5136741055,0.6727041624200196
40,reasoning,0.7,cluster_mode_mode,353,0.9971751412429378,0.43059490084985835,0.7280453257790368,0.8328611898016998,3.9943342776203967,19.53554180891089,0.636895945999956
40,reasoning,0.7,cluster_mode_mode_wsize,353,0.9971751412429378,0.46175637393767704,0.7818696883852692,0.8583569405099151,389358.45325779036,7315315.021798085,0.6651498659138612
40,reasoning,0.7,cluster_mode_mode_wsqrt,353,0.9971751412429378,0.46742209631728043,0.7790368271954674,0.8640226628895185,3.535410764872521,18.941687765633898,0.6686389503844591
40,reasoning,0.7,dedup_k_mean,353,0.9971751412429378,0.26345609065155806,0.5637393767705382,0.6770538243626062,284017.5835694051,5321025.668018664,0.4951490095021062
40,reasoning,0.7,dedup_k_median,353,0.9971751412429378,0.3342776203966006,0.6458923512747875,0.7875354107648725,389470.671388102,7315315.172368714,0.5674002490146318
40,reasoning,0.7,dedup_k_mode,353,0.9971751412429378,0.34844192634560905,0.6487252124645893,0.773371104815864,389470.730878187,7315315.172368856,0.5733491156680546
40,reasoning,0.7,dedup_text_mean,353,0.9971751412429378,0.37960339943342775,0.6713881019830028,0.773371104815864,233979.6997167139,4389641.780737318,0.5914980112132872
40,reasoning,0.7,dedup_text_median,353,0.9971751412429378,0.47592067988668557,0.7790368271954674,0.8583569405099151,389259.53824362607,7313457.854799524,0.6734373702709456
40,reasoning,0.7,dedup_text_mode,353,0.9971751412429378,0.45892351274787535,0.7818696883852692,0.8640226628895185,3.5722379603399435,18.991947003704002,0.6654682073499651
40,reasoning,0.7,mean,353,0.9971751412429378,0.37960339943342775,0.6713881019830028,0.773371104815864,233979.6997167139,4389641.780737318,0.5914980112132872
40,reasoning,0.7,median,353,0.9971751412429378,0.47592067988668557,0.7790368271954674,0.8583569405099151,389259.53824362607,7313457.854799524,0.6734373702709456
40,reasoning,0.7,mode,353,0.9971751412429378,0.45892351274787535,0.7818696883852692,0.8640226628895185,3.5722379603399435,18.991947003704002,0.6654682073499651
40,reasoning,0.7,trimmed_mean_10,353,0.9971751412429378,0.4164305949008499,0.7280453257790368,0.8215297450424929,239633.00283286118,4501887.829721838,0.6278852577112655
40,reasoning,0.7,winsor_mean_10,353,0.9971751412429378,0.39943342776203966,0.71671388101983,0.8101983002832861,233661.64872521246,4389613.511384903,0.6165330246111461
40,reasoning,1.0,cluster_mean_mean,353,0.9971751412429378,0.3314447592067989,0.6288951841359773,0.7422096317280453,259613.02266288953,4877390.035678311,0.5525151605855009
40,reasoning,1.0,cluster_mean_mean_wsize,353,0.9971751412429378,0.34277620396600567,0.6685552407932012,0.7677053824362606,311605.6912181303,5854281.645228909,0.571060763046267
40,reasoning,1.0,cluster_mean_mean_wsqrt,353,0.9971751412429378,0.34844192634560905,0.6515580736543909,0.7450424929178471,281815.2974504249,5294553.557777011,0.5675586704320938
40,reasoning,1.0,cluster_mean_median,353,0.9971751412429378,0.4192634560906516,0.7138810198300283,0.8045325779036827,389208.9660056657,7312510.66928186,0.6250171136505311
40,reasoning,1.0,cluster_mean_median_wsize,353,0.9971751412429378,0.40509915014164305,0.7025495750708215,0.8045325779036827,389587.06515580736,7319619.031454572,0.6165404344381729
40,reasoning,1.0,cluster_mean_median_wsqrt,353,0.9971751412429378,0.40226628895184136,0.7280453257790368,0.8158640226628895,389573.9150141643,7319371.749825822,0.6203072627160252
40,reasoning,1.0,cluster_mean_mode,353,0.9971751412429378,0.42776203966005666,0.7252124645892352,0.8158640226628895,388844.37393767707,7305649.588743963,0.6323801817550699
40,reasoning,1.0,cluster_mean_mode_wsize,353,0.9971751412429378,0.39943342776203966,0.6883852691218131,0.7960339943342776,389587.16997167136,7319619.031454773,0.6099530402737082
40,reasoning,1.0,cluster_mean_mode_wsqrt,353,0.9971751412429378,0.42492917847025496,0.7110481586402266,0.8101983002832861,389587.38243626064,7319619.031459769,0.6285508151133488
40,reasoning,1.0,cluster_median_mean,353,0.9971751412429378,0.34844192634560905,0.6487252124645893,0.7620396600566572,259613.33994334278,4877396.95488431,0.5685937760536165
40,reasoning,1.0,cluster_median_mean_wsize,353,0.9971751412429378,0.39943342776203966,0.7138810198300283,0.8186968838526912,311606.6685552408,5854302.296390124,0.615747653022389
40,reasoning,1.0,cluster_median_mean_wsqrt,353,0.9971751412429378,0.37960339943342775,0.6912181303116147,0.773371104815864,281815.90368271957,5294566.278468041,0.5954894336313399
40,reasoning,1.0,cluster_median_median,353,0.9971751412429378,0.43626062322946174,0.7393767705382436,0.8271954674220963,389208.9631728045,7312510.669285296,0.6414224645693505
40,reasoning,1.0,cluster_median_median_wsize,353,0.9971751412429378,0.48158640226628896,0.773371104815864,0.8583569405099151,389589.03966005665,7319660.2805467695,0.6755588057652073
40,reasoning,1.0,cluster_median_median_wsqrt,353,0.9971751412429378,0.45892351274787535,0.7818696883852692,0.8526912181303116,389573.75920679886,7319371.749830131,0.6644642298972612
40,reasoning,1.0,cluster_median_mode,353,0.9971751412429378,0.45325779036827196,0.7592067988668555,0.8413597733711048,388844.12181303115,7305649.588744752,0.6545809414400071
40,reasoning,1.0,cluster_median_mode_wsize,353,0.9971751412429378,0.47875354107648727,0.7705382436260623,0.8526912181303116,389589.0368271955,7319660.280546751,0.6732632888804554
40,reasoning,1.0,cluster_median_mode_wsqrt,353,0.9971751412429378,0.47875354107648727,0.7818696883852692,0.8498583569405099,389589.4815864023,7319660.280552296,0.6742915914593767
40,reasoning,1.0,cluster_mode_mean,353,0.9971751412429378,0.35127478753541075,0.6515580736543909,0.7620396600566572,259612.9433427762,4877396.954875035,0.5713972156696097
40,reasoning,1.0,cluster_mode_mean_wsize,353,0.9971751412429378,0.39660056657223797,0.7223796033994334,0.8215297450424929,311606.15014164307,5854302.296385158,0.6173533841127354
40,reasoning,1.0,cluster_mode_mean_wsqrt,353,0.9971751412429378,0.3626062322946176,0.6912181303116147,0.7818696883852692,281815.44192634564,5294566.278459946,0.5888837956990626
40,reasoning,1.0,cluster_mode_median,353,0.9971751412429378,0.42776203966005666,0.7308781869688386,0.830028328611898,389209.12464589236,7312510.669290689,0.6374091573607287
40,reasoning,1.0,cluster_mode_median_wsize,353,0.9971751412429378,0.47592067988668557,0.7818696883852692,0.8583569405099151,389588.98583569407,7319660.280547026,0.6753032159560898
40,reasoning,1.0,cluster_mode_median_wsqrt,353,0.9971751412429378,0.45325779036827196,0.7847025495750708,0.8555240793201133,389573.9490084986,7319371.749834676,0.6639161119553991
40,reasoning,1.0,cluster_mode_mode,353,0.9971751412429378,0.45325779036827196,0.7563739376770539,0.8413597733711048,388843.940509915,7305649.5887463465,0.6556906258746534
40,reasoning,1.0,cluster_mode_mode_wsize,353,0.9971751412429378,0.4730878186968839,0.7762039660056658,0.8555240793201133,389588.98583569407,7319660.28054701,0.6726771985991942
40,reasoning,1.0,cluster_mode_mode_wsqrt,353,0.9971751412429378,0.4702549575070821,0.7847025495750708,0.8526912181303116,389589.283286119,7319660.280551676,0.6722109499868001
40,reasoning,1.0,dedup_k_mean,353,0.9971751412429378,0.24929178470254956,0.49008498583569404,0.6487252124645893,302957.55807365436,5691493.860934481,0.47130212849629904
40,reasoning,1.0,dedup_k_median,353,0.9971751412429378,0.311614730878187,0.6572237960339944,0.8158640226628895,389574.86402266286,7319371.749834413,0.5622794842872084
40,reasoning,1.0,dedup_k_mode,353,0.9971751412429378,0.3314447592067989,0.6685552407932012,0.8186968838526912,389574.3059490085,7319371.7498283945,0.5755776797055095
40,reasoning,1.0,dedup_text_mean,353,0.9971751412429378,0.35127478753541075,0.6657223796033994,0.7648725212464589,311605.68838526914,5854281.64522886,0.5743525373720354
40,reasoning,1.0,dedup_text_median,353,0.9971751412429378,0.47875354107648727,0.7847025495750708,0.8583569405099151,389573.93201133143,7319371.749832484,0.6759408843701146
40,reasoning,1.0,dedup_text_mode,353,0.9971751412429378,0.48725212464589235,0.7762039660056658,0.8498583569405099,389573.9518413598,7319371.749835095,0.6785291877167348
40,reasoning,1.0,mean,353,0.9971751412429378,0.35127478753541075,0.6657223796033994,0.7648725212464589,311605.68838526914,5854281.64522886,0.5743525373720354
40,reasoning,1.0,median,353,0.9971751412429378,0.47875354107648727,0.7847025495750708,0.8583569405099151,389573.93201133143,7319371.749832484,0.6759408843701146
40,reasoning,1.0,mode,353,0.9971751412429378,0.48725212464589235,0.7762039660056658,0.8498583569405099,389573.9518413598,7319371.749835095,0.6785291877167348
40,reasoning,1.0,trimmed_mean_10,353,0.9971751412429378,0.42776203966005666,0.7138810198300283,0.8215297450424929,340799.7053824363,6402848.473772823,0.6312916705363554
40,reasoning,1.0,winsor_mean_10,353,0.9971751412429378,0.4192634560906516,0.7082152974504249,0.8016997167138811,311603.269121813,5854248.8056498915,0.6235873342155522
none,base,0.1,cluster_mean_mean,0,0.0,,,,,,
none,base,0.1,cluster_mean_mean_wsize,0,0.0,,,,,,
none,base,0.1,cluster_mean_mean_wsqrt,0,0.0,,,,,,
none,base,0.1,cluster_mean_median,0,0.0,,,,,,
none,base,0.1,cluster_mean_median_wsize,0,0.0,,,,,,
none,base,0.1,cluster_mean_median_wsqrt,0,0.0,,,,,,
none,base,0.1,cluster_mean_mode,0,0.0,,,,,,
none,base,0.1,cluster_mean_mode_wsize,0,0.0,,,,,,
none,base,0.1,cluster_mean_mode_wsqrt,0,0.0,,,,,,
none,base,0.1,cluster_median_mean,0,0.0,,,,,,
none,base,0.1,cluster_median_mean_wsize,0,0.0,,,,,,
none,base,0.1,cluster_median_mean_wsqrt,0,0.0,,,,,,
none,base,0.1,cluster_median_median,0,0.0,,,,,,
none,base,0.1,cluster_median_median_wsize,0,0.0,,,,,,
none,base,0.1,cluster_median_median_wsqrt,0,0.0,,,,,,
none,base,0.1,cluster_median_mode,0,0.0,,,,,,
none,base,0.1,cluster_median_mode_wsize,0,0.0,,,,,,
none,base,0.1,cluster_median_mode_wsqrt,0,0.0,,,,,,
none,base,0.1,cluster_mode_mean,0,0.0,,,,,,
none,base,0.1,cluster_mode_mean_wsize,0,0.0,,,,,,
none,base,0.1,cluster_mode_mean_wsqrt,0,0.0,,,,,,
none,base,0.1,cluster_mode_median,0,0.0,,,,,,
none,base,0.1,cluster_mode_median_wsize,0,0.0,,,,,,
none,base,0.1,cluster_mode_median_wsqrt,0,0.0,,,,,,
none,base,0.1,cluster_mode_mode,0,0.0,,,,,,
none,base,0.1,cluster_mode_mode_wsize,0,0.0,,,,,,
none,base,0.1,cluster_mode_mode_wsqrt,0,0.0,,,,,,
none,base,0.1,dedup_k_mean,353,0.9971751412429378,0.11331444759206799,0.24362606232294617,0.35694050991501414,65085794.441926345,1222850019.4922268,0.29666511790842165
none,base,0.1,dedup_k_median,353,0.9971751412429378,0.14447592067988668,0.32577903682719545,0.45042492917847027,389691.2549575071,7320273.132128813,0.3420519268433544
none,base,0.1,dedup_k_mode,353,0.9971751412429378,0.1643059490084986,0.33994334277620397,0.45892351274787535,389792.4589235127,7322159.945239613,0.3537681700740855
none,base,0.1,dedup_text_mean,353,0.9971751412429378,0.11898016997167139,0.32011331444759206,0.43059490084985835,35501366.96883853,667009101.5656753,0.32611449416201277
none,base,0.1,dedup_text_median,353,0.9971751412429378,0.23229461756373937,0.40226628895184136,0.5070821529745042,72.90934844192634,1058.473248393052,0.4126950970263988
none,base,0.1,dedup_text_mode,353,0.9971751412429378,0.22662889518413598,0.37393767705382436,0.5042492917847026,72.54107648725213,1058.6481424526346,0.40446838761190973
none,base,0.1,mean,353,0.9971751412429378,0.11898016997167139,0.29745042492917845,0.37677053824362605,35501380.21813031,667009101.565977,0.31110922169382205
none,base,0.1,median,353,0.9971751412429378,0.1954674220963173,0.34277620396600567,0.43059490084985835,74.27478753541077,1058.6398845212427,0.36433709414378423
none,base,0.1,mode,353,0.9971751412429378,0.18413597733711048,0.3087818696883853,0.4164305949008499,73.41359773371104,1058.322047035208,0.3478059907920327
none,base,0.1,trimmed_mean_10,353,0.9971751412429378,0.1388101983002833,0.3087818696883853,0.38526912181303113,129957.75637393768,2440304.0400845436,0.323307399822262
none,base,0.1,winsor_mean_10,353,0.9971751412429378,0.13314447592067988,0.29745042492917845,0.37677053824362605,141771.57790368272,2662265.8419143576,0.3180551271092494
none,base,0.4,cluster_mean_mean,0,0.0,,,,,,
none,base,0.4,cluster_mean_mean_wsize,0,0.0,,,,,,
none,base,0.4,cluster_mean_mean_wsqrt,0,0.0,,,,,,
none,base,0.4,cluster_mean_median,0,0.0,,,,,,
none,base,0.4,cluster_mean_median_wsize,0,0.0,,,,,,
none,base,0.4,cluster_mean_median_wsqrt,0,0.0,,,,,,
none,base,0.4,cluster_mean_mode,0,0.0,,,,,,
none,base,0.4,cluster_mean_mode_wsize,0,0.0,,,,,,
none,base,0.4,cluster_mean_mode_wsqrt,0,0.0,,,,,,
none,base,0.4,cluster_median_mean,0,0.0,,,,,,
none,base,0.4,cluster_median_mean_wsize,0,0.0,,,,,,
none,base,0.4,cluster_median_mean_wsqrt,0,0.0,,,,,,
none,base,0.4,cluster_median_median,0,0.0,,,,,,
none,base,0.4,cluster_median_median_wsize,0,0.0,,,,,,
none,base,0.4,cluster_median_median_wsqrt,0,0.0,,,,,,
none,base,0.4,cluster_median_mode,0,0.0,,,,,,
none,base,0.4,cluster_median_mode_wsize,0,0.0,,,,,,
none,base,0.4,cluster_median_mode_wsqrt,0,0.0,,,,,,
none,base,0.4,cluster_mode_mean,0,0.0,,,,,,
none,base,0.4,cluster_mode_mean_wsize,0,0.0,,,,,,
none,base,0.4,cluster_mode_mean_wsqrt,0,0.0,,,,,,
none,base,0.4,cluster_mode_median,0,0.0,,,,,,
none,base,0.4,cluster_mode_median_wsize,0,0.0,,,,,,
none,base,0.4,cluster_mode_median_wsqrt,0,0.0,,,,,,
none,base,0.4,cluster_mode_mode,0,0.0,,,,,,
none,base,0.4,cluster_mode_mode_wsize,0,0.0,,,,,,
none,base,0.4,cluster_mode_mode_wsqrt,0,0.0,,,,,,
none,base,0.4,dedup_k_mean,353,0.9971751412429378,0.0679886685552408,0.1954674220963173,0.35127478753541075,inf,inf,0.2752078816312803
none,base,0.4,dedup_k_median,353,0.9971751412429378,0.1388101983002833,0.35127478753541075,0.546742209631728,349778.15580736543,6570941.508344486,0.3770699520359015
none,base,0.4,dedup_k_mode,353,0.9971751412429378,0.1501416430594901,0.34560906515580736,0.5325779036827195,349806.0084985836,6570941.570628601,0.378024416080785
none,base,0.4,dedup_text_mean,353,0.9971751412429378,0.07932011331444759,0.2747875354107649,0.46742209631728043,inf,inf,0.3145889013118913
none,base,0.4,dedup_text_median,353,0.9971751412429378,0.22946175637393768,0.46458923512747874,0.623229461756374,349747.79320113314,6570941.434278221,0.4532932847985029
none,base,0.4,dedup_text_mode,353,0.9971751412429378,0.2521246458923513,0.46458923512747874,0.6005665722379604,349749.0028328612,6570941.434294771,0.45640856749173275
none,base,0.4,mean,353,0.9971751412429378,0.0679886685552408,0.17563739376770537,0.3087818696883853,inf,inf,0.2602901815794296
none,base,0.4,median,353,0.9971751412429378,0.17847025495750707,0.35694050991501414,0.46742209631728043,349807.65439093485,6570941.517758744,0.37196483464063906
none,base,0.4,mode,353,0.9971751412429378,0.17280453257790368,0.31728045325779036,0.3909348441926346,349809.7025495751,6570941.518306264,0.338191527617745
none,base,0.4,trimmed_mean_10,353,0.9971751412429378,0.07932011331444759,0.21246458923512748,0.34844192634560905,inf,inf,0.2819776270526148
none,base,0.4,winsor_mean_10,353,0.9971751412429378,0.0708215297450425,0.1954674220963173,0.3286118980169972,inf,inf,0.27205139232376285
none,base,0.7,cluster_mean_mean,0,0.0,,,,,,
none,base,0.7,cluster_mean_mean_wsize,0,0.0,,,,,,
none,base,0.7,cluster_mean_mean_wsqrt,0,0.0,,,,,,
none,base,0.7,cluster_mean_median,0,0.0,,,,,,
none,base,0.7,cluster_mean_median_wsize,0,0.0,,,,,,
none,base,0.7,cluster_mean_median_wsqrt,0,0.0,,,,,,
none,base,0.7,cluster_mean_mode,0,0.0,,,,,,
none,base,0.7,cluster_mean_mode_wsize,0,0.0,,,,,,
none,base,0.7,cluster_mean_mode_wsqrt,0,0.0,,,,,,
none,base,0.7,cluster_median_mean,0,0.0,,,,,,
none,base,0.7,cluster_median_mean_wsize,0,0.0,,,,,,
none,base,0.7,cluster_median_mean_wsqrt,0,0.0,,,,,,
none,base,0.7,cluster_median_median,0,0.0,,,,,,
none,base,0.7,cluster_median_median_wsize,0,0.0,,,,,,
none,base,0.7,cluster_median_median_wsqrt,0,0.0,,,,,,
none,base,0.7,cluster_median_mode,0,0.0,,,,,,
none,base,0.7,cluster_median_mode_wsize,0,0.0,,,,,,
none,base,0.7,cluster_median_mode_wsqrt,0,0.0,,,,,,
none,base,0.7,cluster_mode_mean,0,0.0,,,,,,
none,base,0.7,cluster_mode_mean_wsize,0,0.0,,,,,,
none,base,0.7,cluster_mode_mean_wsqrt,0,0.0,,,,,,
none,base,0.7,cluster_mode_median,0,0.0,,,,,,
none,base,0.7,cluster_mode_median_wsize,0,0.0,,,,,,
none,base,0.7,cluster_mode_median_wsqrt,0,0.0,,,,,,
none,base,0.7,cluster_mode_mode,0,0.0,,,,,,
none,base,0.7,cluster_mode_mode_wsize,0,0.0,,,,,,
none,base,0.7,cluster_mode_mode_wsqrt,0,0.0,,,,,,
none,base,0.7,dedup_k_mean,353,0.9971751412429378,0.06515580736543909,0.17847025495750707,0.28895184135977336,inf,inf,0.2414213482342689
none,base,0.7,dedup_k_median,353,0.9971751412429378,0.12181303116147309,0.32294617563739375,0.4985835694050991,144547.86685552407,2714485.4794862834,0.3563851312004293
none,base,0.7,dedup_k_mode,353,0.9971751412429378,0.11614730878186968,0.31728045325779036,0.4985835694050991,289022.26062322943,5428911.890300438,0.35064545348214976
none,base,0.7,dedup_text_mean,353,0.9971751412429378,0.06232294617563739,0.21529745042492918,0.3314447592067989,inf,inf,0.2550105798165116
none,base,0.7,dedup_text_median,353,0.9971751412429378,0.20113314447592068,0.44192634560906513,0.5524079320113314,289022.2747875354,5428911.890370232,0.4221501250790495
none,base,0.7,dedup_text_mode,353,0.9971751412429378,0.21529745042492918,0.39660056657223797,0.5070821529745042,349753.2804532578,6570941.434397574,0.39990729766860633
none,base,0.7,mean,353,0.9971751412429378,0.056657223796033995,0.20396600566572237,0.31728045325779036,inf,inf,0.2484895381410156
none,base,0.7,median,353,0.9971751412429378,0.18413597733711048,0.43059490084985835,0.5382436260623229,289022.4362606232,5428911.890371835,0.4090856109491289
none,base,0.7,mode,353,0.9971751412429378,0.2096317280453258,0.3881019830028329,0.49575070821529743,349753.4985835694,6570941.434401632,0.3922863634223861
none,base,0.7,trimmed_mean_10,353,0.9971751412429378,0.10764872521246459,0.24362606232294617,0.4192634560906516,inf,inf,0.3139379341356139
none,base,0.7,winsor_mean_10,353,0.9971751412429378,0.09348441926345609,0.23796033994334279,0.37677053824362605,inf,inf,0.3005773258984281
none,base,1.0,cluster_mean_mean,0,0.0,,,,,,
none,base,1.0,cluster_mean_mean_wsize,0,0.0,,,,,,
none,base,1.0,cluster_mean_mean_wsqrt,0,0.0,,,,,,
none,base,1.0,cluster_mean_median,0,0.0,,,,,,
none,base,1.0,cluster_mean_median_wsize,0,0.0,,,,,,
none,base,1.0,cluster_mean_median_wsqrt,0,0.0,,,,,,
none,base,1.0,cluster_mean_mode,0,0.0,,,,,,
none,base,1.0,cluster_mean_mode_wsize,0,0.0,,,,,,
none,base,1.0,cluster_mean_mode_wsqrt,0,0.0,,,,,,
none,base,1.0,cluster_median_mean,0,0.0,,,,,,
none,base,1.0,cluster_median_mean_wsize,0,0.0,,,,,,
none,base,1.0,cluster_median_mean_wsqrt,0,0.0,,,,,,
none,base,1.0,cluster_median_median,0,0.0,,,,,,
none,base,1.0,cluster_median_median_wsize,0,0.0,,,,,,
none,base,1.0,cluster_median_median_wsqrt,0,0.0,,,,,,
none,base,1.0,cluster_median_mode,0,0.0,,,,,,
none,base,1.0,cluster_median_mode_wsize,0,0.0,,,,,,
none,base,1.0,cluster_median_mode_wsqrt,0,0.0,,,,,,
none,base,1.0,cluster_mode_mean,0,0.0,,,,,,
none,base,1.0,cluster_mode_mean_wsize,0,0.0,,,,,,
none,base,1.0,cluster_mode_mean_wsqrt,0,0.0,,,,,,
none,base,1.0,cluster_mode_median,0,0.0,,,,,,
none,base,1.0,cluster_mode_median_wsize,0,0.0,,,,,,
none,base,1.0,cluster_mode_median_wsqrt,0,0.0,,,,,,
none,base,1.0,cluster_mode_mode,0,0.0,,,,,,
none,base,1.0,cluster_mode_mode_wsize,0,0.0,,,,,,
none,base,1.0,cluster_mode_mode_wsqrt,0,0.0,,,,,,
none,base,1.0,dedup_k_mean,353,0.9971751412429378,0.042492917847025496,0.1558073654390935,0.2237960339943343,inf,inf,0.1965970273506479
none,base,1.0,dedup_k_median,353,0.9971751412429378,0.11331444759206799,0.3314447592067989,0.48158640226628896,388922.9291784703,7305858.9976985995,0.3438568441860563
none,base,1.0,dedup_k_mode,353,0.9971751412429378,0.11614730878186968,0.3342776203966006,0.47592067988668557,388923.24079320114,7305858.997655197,0.34427031252107093
none,base,1.0,dedup_text_mean,353,0.9971751412429378,0.07365439093484419,0.17563739376770537,0.24929178470254956,inf,inf,0.226213027146111
none,base,1.0,dedup_text_median,353,0.9971751412429378,0.1813031161473088,0.37677053824362605,0.509915014164306,349807.1926345609,6570941.518168054,0.3874786851872328
none,base,1.0,dedup_text_mode,353,0.9971751412429378,0.21813031161473087,0.36827195467422097,0.46458923512747874,349752.6912181303,6570941.434389633,0.38991993259944074
none,base,1.0,mean,353,0.9971751412429378,0.07365439093484419,0.17563739376770537,0.24929178470254956,inf,inf,0.226213027146111
none,base,1.0,median,353,0.9971751412429378,0.1813031161473088,0.37677053824362605,0.509915014164306,349807.1926345609,6570941.518168054,0.3874786851872328
none,base,1.0,mode,353,0.9971751412429378,0.21813031161473087,0.36827195467422097,0.46458923512747874,349752.6912181303,6570941.434389633,0.38991993259944074
none,base,1.0,trimmed_mean_10,353,0.9971751412429378,0.0821529745042493,0.2521246458923513,0.3909348441926346,245210.12747875354,4603676.416658476,0.29612345711532745
none,base,1.0,winsor_mean_10,353,0.9971751412429378,0.09631728045325778,0.24929178470254956,0.37960339943342775,238763.46742209632,4479698.539175754,0.3003218525593698
none,reasoning,0.1,cluster_mean_mean,352,0.9943502824858758,0.38636363636363635,0.6846590909090909,0.7926136363636364,5.0794400131118884e+26,9.52987419543109e+27,0.5975110459898029
none,reasoning,0.1,cluster_mean_mean_wsize,352,0.9943502824858758,0.38636363636363635,0.6960227272727273,0.8011363636363636,2.641308806818182e+27,4.955534581624167e+28,0.6026385802033514
none,reasoning,0.1,cluster_mean_mean_wsqrt,352,0.9943502824858758,0.375,0.6846590909090909,0.8068181818181818,1.3815923580827056e+27,2.5920970280010947e+28,0.5948876086104306
none,reasoning,0.1,cluster_mean_median,352,0.9943502824858758,0.4005681818181818,0.7244318181818182,0.8125,6.65625,63.95717228242378,0.6171376049511571
none,reasoning,0.1,cluster_mean_median_wsize,352,0.9943502824858758,0.3806818181818182,0.7045454545454546,0.8068181818181818,4.0635520104895107e+27,7.623899356344872e+28,0.6028331032029768
none,reasoning,0.1,cluster_mean_median_wsqrt,352,0.9943502824858758,0.3806818181818182,0.7130681818181818,0.8210227272727273,10.673295454545455,89.58352184617233,0.605940376067088
none,reasoning,0.1,cluster_mean_mode,352,0.9943502824858758,0.4090909090909091,0.7244318181818182,0.8153409090909091,6.818181818181818,64.06326773375889,0.6213193865680728
none,reasoning,0.1,cluster_mean_mode_wsize,352,0.9943502824858758,0.3778409090909091,0.7017045454545454,0.8039772727272727,4.0635520104895107e+27,7.623899356344872e+28,0.6005575063251072
none,reasoning,0.1,cluster_mean_mode_wsqrt,352,0.9943502824858758,0.3806818181818182,0.7073863636363636,0.8096590909090909,4.0635520104895107e+27,7.623899356344872e+28,0.6033037184463192
none,reasoning,0.1,cluster_median_mean,352,0.9943502824858758,0.4119318181818182,0.7159090909090909,0.8039772727272727,6.1022727272727275,45.706698335443924,0.6199547570874882
none,reasoning,0.1,cluster_median_mean_wsize,352,0.9943502824858758,0.45454545454545453,0.7301136363636364,0.8295454545454546,4.565340909090909,25.746524478602403,0.6490590663794994
none,reasoning,0.1,cluster_median_mean_wsqrt,352,0.9943502824858758,0.42613636363636365,0.7215909090909091,0.8238636363636364,5.451704545454546,34.83887425119975,0.631386321640361
none,reasoning,0.1,cluster_median_median,352,0.9943502824858758,0.4431818181818182,0.7414772727272727,0.8238636363636364,3.4375,15.480376140602834,0.6439638587148828
none,reasoning,0.1,cluster_median_median_wsize,352,0.9943502824858758,0.4602272727272727,0.7443181818181818,0.8352272727272727,3.7869318181818183,19.24313632063509,0.6561726425659048
none,reasoning,0.1,cluster_median_median_wsqrt,352,0.9943502824858758,0.45738636363636365,0.7528409090909091,0.8465909090909091,3.7301136363636362,19.091957492857848,0.6569202913273663
none,reasoning,0.1,cluster_median_mode,352,0.9943502824858758,0.45170454545454547,0.7443181818181818,0.8267045454545454,4.142045454545454,19.800998597407794,0.6483873613137997
none,reasoning,0.1,cluster_median_mode_wsize,352,0.9943502824858758,0.4602272727272727,0.7414772727272727,0.8323863636363636,3.7982954545454546,19.24535067820986,0.6552809127679251
none,reasoning,0.1,cluster_median_mode_wsqrt,352,0.9943502824858758,0.4630681818181818,0.75,0.8409090909090909,3.7755681818181817,19.24239814481647,0.6588715062022685
none,reasoning,0.1,cluster_mode_mean,352,0.9943502824858758,0.3977272727272727,0.71875,0.8125,6.079545454545454,46.390205176994385,0.6145497143108168
none,reasoning,0.1,cluster_mode_mean_wsize,352,0.9943502824858758,0.4460227272727273,0.7329545454545454,0.8323863636363636,4.548295454545454,25.975895732215072,0.6457249081491193
none,reasoning,0.1,cluster_mode_mean_wsqrt,352,0.9943502824858758,0.4119318181818182,0.7329545454545454,0.8295454545454546,5.423295454545454,35.2977191511396,0.6270824353533135
none,reasoning,0.1,cluster_mode_median,352,0.9943502824858758,0.4375,0.75,0.8295454545454546,3.309659090909091,15.113115165312545,0.6434544500586825
none,reasoning,0.1,cluster_mode_median_wsize,352,0.9943502824858758,0.44886363636363635,0.75,0.8352272727272727,3.7642045454545454,19.165472624203424,0.6513672330027744
none,reasoning,0.1,cluster_mode_median_wsqrt,352,0.9943502824858758,0.4460227272727273,0.7585227272727273,0.8465909090909091,3.7045454545454546,19.0109119383388,0.6521649973683289
none,reasoning,0.1,cluster_mode_mode,352,0.9943502824858758,0.4460227272727273,0.7556818181818182,0.8323863636363636,3.7982954545454546,18.99259724208356,0.6491855838583119
none,reasoning,0.1,cluster_mode_mode_wsize,352,0.9943502824858758,0.44886363636363635,0.7471590909090909,0.8323863636363636,3.772727272727273,19.166584321298735,0.6505149602755017
none,reasoning,0.1,cluster_mode_mode_wsqrt,352,0.9943502824858758,0.45170454545454547,0.75,0.8380681818181818,3.7613636363636362,19.16554673934928,0.652882384517926
none,reasoning,0.1,dedup_k_mean,352,0.9943502824858758,0.3125,0.6193181818181818,0.7443181818181818,4.8023796487603303e+27,9.010062875680304e+28,0.5441869983515175
none,reasoning,0.1,dedup_k_median,352,0.9943502824858758,0.375,0.6931818181818182,0.8011363636363636,3.8892045454545454,18.061369499066736,0.6003395339857732
none,reasoning,0.1,dedup_k_mode,352,0.9943502824858758,0.4005681818181818,0.7045454545454546,0.7954545454545454,3.7556818181818183,17.463110469579217,0.614469513094108
none,reasoning,0.1,dedup_text_mean,352,0.9943502824858758,0.39488636363636365,0.6960227272727273,0.8068181818181818,2.641308806818182e+27,4.955534581624167e+28,0.6073416466882671
none,reasoning,0.1,dedup_text_median,352,0.9943502824858758,0.4630681818181818,0.75,0.8352272727272727,3.7670454545454546,19.200793070742016,0.6579934409185063
none,reasoning,0.1,dedup_text_mode,352,0.9943502824858758,0.45738636363636365,0.7556818181818182,0.8323863636363636,3.7642045454545454,19.152127225786884,0.6557206431114747
none,reasoning,0.1,mean,352,0.9943502824858758,0.39488636363636365,0.6960227272727273,0.8068181818181818,2.641308806818182e+27,4.955534581624167e+28,0.6073427612947842
none,reasoning,0.1,median,352,0.9943502824858758,0.4630681818181818,0.75,0.8352272727272727,3.7670454545454546,19.200793070742016,0.6579934409185063
none,reasoning,0.1,mode,352,0.9943502824858758,0.45738636363636365,0.7556818181818182,0.8323863636363636,3.7642045454545454,19.152127225786884,0.6557206431114747
none,reasoning,0.1,trimmed_mean_10,352,0.9943502824858758,0.42045454545454547,0.7272727272727273,0.8323863636363636,3.3817578125e+26,6.344740055862402e+27,0.6318326015529425
none,reasoning,0.1,winsor_mean_10,352,0.9943502824858758,0.4147727272727273,0.7215909090909091,0.8267045454545454,7.50712784090909e+26,1.4084620294403691e+28,0.6268209302948148
none,reasoning,0.4,cluster_mean_mean,353,0.9971751412429378,0.37110481586402266,0.660056657223796,0.7507082152974505,2.236469360369763e+27,4.2019444374659165e+28,0.5816010419189199
none,reasoning,0.4,cluster_mean_mean_wsize,353,0.9971751412429378,0.3881019830028329,0.6912181303116147,0.7960339943342776,2.1246458923512746e+27,3.991847215592621e+28,0.6028024100871217
none,reasoning,0.4,cluster_mean_mean_wsqrt,353,0.9971751412429378,0.37110481586402266,0.6798866855524079,0.7563739376770539,2.1887770602155915e+27,4.112338740694984e+28,0.587625051925629
none,reasoning,0.4,cluster_mean_median,353,0.9971751412429378,0.4164305949008499,0.6968838526912181,0.8045325779036827,162056.10198300282,3044684.2223486016,0.6206396956586999
none,reasoning,0.4,cluster_mean_median_wsize,353,0.9971751412429378,0.4192634560906516,0.7138810198300283,0.8016997167138811,324108.10198300285,6089368.444615784,0.6252649953616004
none,reasoning,0.4,cluster_mean_median_wsqrt,353,0.9971751412429378,0.42492917847025496,0.7110481586402266,0.8016997167138811,324108.0906515581,6089368.444615855,0.6279596614424128
none,reasoning,0.4,cluster_mean_mode,353,0.9971751412429378,0.43342776203966005,0.7110481586402266,0.8016997167138811,4.186968838526912,18.808864163069916,0.6311676266943497
none,reasoning,0.4,cluster_mean_mode_wsize,353,0.9971751412429378,0.42776203966005666,0.7110481586402266,0.8016997167138811,324108.0906515581,6089368.444615774,0.6290817640508903
none,reasoning,0.4,cluster_mean_mode_wsqrt,353,0.9971751412429378,0.43059490084985835,0.7223796033994334,0.8101983002832861,324108.0821529745,6089368.444615864,0.6329452723062106
none,reasoning,0.4,cluster_median_mean,353,0.9971751412429378,0.3909348441926346,0.6742209631728046,0.7677053824362606,2.236469360369763e+27,4.2019444374659165e+28,0.5973609483285873
none,reasoning,0.4,cluster_median_mean_wsize,353,0.9971751412429378,0.4192634560906516,0.7365439093484419,0.830028328611898,2.1246458923512746e+27,3.991847215592621e+28,0.6323653034478611
none,reasoning,0.4,cluster_median_mean_wsqrt,353,0.9971751412429378,0.3937677053824363,0.7025495750708215,0.7903682719546742,2.1887770602155915e+27,4.112338740694984e+28,0.6086340547332928
none,reasoning,0.4,cluster_median_median,353,0.9971751412429378,0.43626062322946174,0.71671388101983,0.8215297450424929,194681.26345609064,3657656.579503358,0.6375111790325652
none,reasoning,0.4,cluster_median_median_wsize,353,0.9971751412429378,0.47875354107648727,0.7592067988668555,0.8555240793201133,389357.9886685552,7315313.15893119,0.6712329339153931
none,reasoning,0.4,cluster_median_median_wsqrt,353,0.9971751412429378,0.48725212464589235,0.7592067988668555,0.8555240793201133,389358.26062322943,7315313.158935955,0.6759779467036926
none,reasoning,0.4,cluster_median_mode,353,0.9971751412429378,0.45892351274787535,0.7393767705382436,0.8356940509915014,3.8923512747875355,19.55670190075841,0.6552646885194569
none,reasoning,0.4,cluster_median_mode_wsize,353,0.9971751412429378,0.48441926345609065,0.7592067988668555,0.8555240793201133,389357.98583569407,7315313.158931193,0.674015208298234
none,reasoning,0.4,cluster_median_mode_wsqrt,353,0.9971751412429378,0.49008498583569404,0.7620396600566572,0.8555240793201133,389358.2776203966,7315313.158935974,0.6772782921487639
none,reasoning,0.4,cluster_mode_mean,353,0.9971751412429378,0.37393767705382436,0.6770538243626062,0.7620396600566572,2.236469360369763e+27,4.2019444374659165e+28,0.5878384738579585
none,reasoning,0.4,cluster_mode_mean_wsize,353,0.9971751412429378,0.41076487252124644,0.7337110481586402,0.8186968838526912,2.1246458923512746e+27,3.991847215592621e+28,0.6258829497772687
none,reasoning,0.4,cluster_mode_mean_wsqrt,353,0.9971751412429378,0.38526912181303113,0.7053824362606232,0.7875354107648725,2.1887770602155915e+27,4.112338740694984e+28,0.6033788210138642
none,reasoning,0.4,cluster_mode_median,353,0.9971751412429378,0.42776203966005666,0.7138810198300283,0.8101983002832861,194681.30878186968,3657655.4617864005,0.6309388036253903
none,reasoning,0.4,cluster_mode_median_wsize,353,0.9971751412429378,0.4730878186968839,0.7563739376770539,0.8385269121813032,389357.8583569405,7315310.870271573,0.665476740777223
none,reasoning,0.4,cluster_mode_median_wsqrt,353,0.9971751412429378,0.47592067988668557,0.7620396600566572,0.8385269121813032,389358.2266288952,7315310.870276978,0.6684263620186917
none,reasoning,0.4,cluster_mode_mode,353,0.9971751412429378,0.4475920679886686,0.7308781869688386,0.8130311614730878,389359.00566572236,7315310.87028035,0.6427281796900063
none,reasoning,0.4,cluster_mode_mode_wsize,353,0.9971751412429378,0.47875354107648727,0.7563739376770539,0.8385269121813032,389357.85269121814,7315310.870271573,0.6683096019670246
none,reasoning,0.4,cluster_mode_mode_wsqrt,353,0.9971751412429378,0.48441926345609065,0.7620396600566572,0.8385269121813032,389358.24079320114,7315310.870276997,0.6719963688694017
none,reasoning,0.4,dedup_k_mean,353,0.9971751412429378,0.3087818696883853,0.5920679886685553,0.6940509915014165,3.862992531547772e+27,7.25790402835022e+28,0.5283473488001798
none,reasoning,0.4,dedup_k_median,353,0.9971751412429378,0.35694050991501414,0.6770538243626062,0.7988668555240793,389359.18413597735,7315313.158938516,0.5861730794445535
none,reasoning,0.4,dedup_k_mode,353,0.9971751412429378,0.37677053824362605,0.6827195467422096,0.7960339943342776,389359.342776204,7315310.870283201,0.5961848648377481
none,reasoning,0.4,dedup_text_mean,353,0.9971751412429378,0.41076487252124644,0.6940509915014165,0.7847025495750708,2.1246458923512746e+27,3.991847215592621e+28,0.6137315061428195
none,reasoning,0.4,dedup_text_median,353,0.9971751412429378,0.49291784702549574,0.7677053824362606,0.8526912181303116,389358.13597733714,7315310.870276843,0.6798397898488696
none,reasoning,0.4,dedup_text_mode,353,0.9971751412429378,0.49008498583569404,0.7705382436260623,0.8385269121813032,3.5155807365439093,18.92680099842534,0.6773078106333199
none,reasoning,0.4,mean,353,0.9971751412429378,0.41076487252124644,0.6940509915014165,0.7847025495750708,2.1246458923512746e+27,3.991847215592621e+28,0.6137315061428195
none,reasoning,0.4,median,353,0.9971751412429378,0.49291784702549574,0.7677053824362606,0.8526912181303116,389358.13597733714,7315310.870276843,0.6798397898488696
none,reasoning,0.4,mode,353,0.9971751412429378,0.49008498583569404,0.7705382436260623,0.8385269121813032,3.5155807365439093,18.92680099842534,0.6773078106333199
none,reasoning,0.4,trimmed_mean_10,353,0.9971751412429378,0.4475920679886686,0.7138810198300283,0.8158640226628895,277807.9886685552,5219458.65923439,0.6412072591440593
none,reasoning,0.4,winsor_mean_10,353,0.9971751412429378,0.42776203966005666,0.7053824362606232,0.8016997167138811,277808.46458923514,5219458.659257456,0.6280567664281835
none,reasoning,0.7,cluster_mean_mean,353,0.9971751412429378,0.37393767705382436,0.6685552407932012,0.7790368271954674,388979.1416430595,7306798.590771873,0.5888417411870674
none,reasoning,0.7,cluster_mean_mean_wsize,353,0.9971751412429378,0.3881019830028329,0.6940509915014165,0.8101983002832861,389225.9093484419,7312414.8696519155,0.6042260471415175
none,reasoning,0.7,cluster_mean_mean_wsqrt,353,0.9971751412429378,0.37677053824362605,0.6685552407932012,0.8016997167138811,389095.7053824363,7309606.703044687,0.5930903398713604
none,reasoning,0.7,cluster_mean_median,353,0.9971751412429378,0.43342776203966005,0.7337110481586402,0.8271954674220963,389503.32577903685,7318031.181089757,0.6373431274866929
none,reasoning,0.7,cluster_mean_median_wsize,353,0.9971751412429378,0.43342776203966005,0.7082152974504249,0.8271954674220963,389503.2776203966,7318031.181086975,0.6338001951618266
none,reasoning,0.7,cluster_mean_median_wsqrt,353,0.9971751412429378,0.45325779036827196,0.7252124645892352,0.8328611898016998,389502.9660056657,7318031.181085403,0.6478449309071123
none,reasoning,0.7,cluster_mean_mode,353,0.9971751412429378,0.43626062322946174,0.7365439093484419,0.8328611898016998,389503.1869688385,7318031.181089308,0.6413451126200161
none,reasoning,0.7,cluster_mean_mode_wsize,353,0.9971751412429378,0.43059490084985835,0.7053824362606232,0.830028328611898,389503.2804532578,7318031.1810870115,0.6322890438732575
none,reasoning,0.7,cluster_mean_mode_wsqrt,353,0.9971751412429378,0.43909348441926344,0.7110481586402266,0.8271954674220963,389503.0254957507,7318031.181085543,0.6379933961781762
none,reasoning,0.7,cluster_median_mean,353,0.9971751412429378,0.40226628895184136,0.6940509915014165,0.7988668555240793,389004.88101983,7307289.268624731,0.6127765058488333
none,reasoning,0.7,cluster_median_mean_wsize,353,0.9971751412429378,0.40509915014164305,0.7393767705382436,0.8385269121813032,389277.26628895185,7313396.172143901,0.628269793566433
none,reasoning,0.7,cluster_median_mean_wsqrt,353,0.9971751412429378,0.3881019830028329,0.7110481586402266,0.8271954674220963,389134.1444759207,7310342.693218166,0.61326885983492
none,reasoning,0.7,cluster_median_median,353,0.9971751412429378,0.45042492917847027,0.7648725212464589,0.8413597733711048,389581.3654390935,7319503.161446255,0.6554019701813519
none,reasoning,0.7,cluster_median_median_wsize,353,0.9971751412429378,0.4730878186968839,0.7648725212464589,0.8583569405099151,389581.26345609064,7319503.161447308,0.6702344337650396
none,reasoning,0.7,cluster_median_median_wsqrt,353,0.9971751412429378,0.48441926345609065,0.773371104815864,0.8611898016997167,389581.24079320114,7319503.161447305,0.677626852488903
none,reasoning,0.7,cluster_median_mode,353,0.9971751412429378,0.45042492917847027,0.7620396600566572,0.8413597733711048,389581.44192634564,7319503.161446475,0.6545354108618274
none,reasoning,0.7,cluster_median_mode_wsize,353,0.9971751412429378,0.4702549575070821,0.7620396600566572,0.8555240793201133,389581.28611898015,7319503.161447357,0.6678576860018086
none,reasoning,0.7,cluster_median_mode_wsqrt,353,0.9971751412429378,0.47592067988668557,0.7620396600566572,0.8526912181303116,389581.2719546742,7319503.161447351,0.6708524249738848
none,reasoning,0.7,cluster_mode_mean,353,0.9971751412429378,0.39660056657223797,0.6940509915014165,0.7903682719546742,389002.5637393768,7307245.464729789,0.6086971621928504
none,reasoning,0.7,cluster_mode_mean_wsize,353,0.9971751412429378,0.41359773371104813,0.7365439093484419,0.8356940509915014,389272.6005665722,7313308.564402331,0.6305643915909906
none,reasoning,0.7,cluster_mode_mean_wsqrt,353,0.9971751412429378,0.3937677053824363,0.7138810198300283,0.8158640226628895,389130.6458923513,7310277.014017565,0.6145384211762445
none,reasoning,0.7,cluster_mode_median,353,0.9971751412429378,0.45609065155807366,0.7648725212464589,0.8385269121813032,389574.37393767707,7319371.749835906,0.6576063313925457
none,reasoning,0.7,cluster_mode_median_wsize,353,0.9971751412429378,0.48725212464589235,0.7648725212464589,0.8526912181303116,389574.29178470257,7319371.749836896,0.6753172588033108
none,reasoning,0.7,cluster_mode_median_wsqrt,353,0.9971751412429378,0.4985835694050991,0.7762039660056658,0.8583569405099151,389574.223796034,7319371.749836841,0.6839797039513419
none,reasoning,0.7,cluster_mode_mode,353,0.9971751412429378,0.45892351274787535,0.7620396600566572,0.8441926345609065,389574.3597733711,7319371.749835954,0.659411817771498
none,reasoning,0.7,cluster_mode_mode_wsize,353,0.9971751412429378,0.47875354107648727,0.7563739376770539,0.8526912181303116,389574.3172804533,7319371.749836938,0.6694893666540914
none,reasoning,0.7,cluster_mode_mode_wsqrt,353,0.9971751412429378,0.48441926345609065,0.7648725212464589,0.8526912181303116,389574.28611898015,7319371.749836926,0.674372679752702
none,reasoning,0.7,dedup_k_mean,353,0.9971751412429378,0.28611898016997167,0.5779036827195467,0.7110481586402266,389280.44192634564,7312414.878340179,0.5171162149023304
none,reasoning,0.7,dedup_k_median,353,0.9971751412429378,0.35127478753541075,0.6742209631728046,0.8385269121813032,389594.91218130314,7319503.166076996,0.5884467677107146
none,reasoning,0.7,dedup_k_mode,353,0.9971751412429378,0.37960339943342775,0.6912181303116147,0.8356940509915014,389574.388101983,7319371.749829875,0.6063345620857363
none,reasoning,0.7,dedup_text_mean,353,0.9971751412429378,0.39943342776203966,0.6940509915014165,0.8130311614730878,389225.8895184136,7312414.816427207,0.6101110494871345
none,reasoning,0.7,dedup_text_median,353,0.9971751412429378,0.48158640226628896,0.7875354107648725,0.8611898016997167,389581.23229461757,7319503.1614473,0.6786897579809196
none,reasoning,0.7,dedup_text_mode,353,0.9971751412429378,0.46742209631728043,0.7677053824362606,0.8498583569405099,389574.2946175637,7319371.749836887,0.6656222862997588
none,reasoning,0.7,mean,353,0.9971751412429378,0.39943342776203966,0.6940509915014165,0.8130311614730878,389225.8895184136,7312414.816427207,0.6101110494871345
none,reasoning,0.7,median,353,0.9971751412429378,0.48158640226628896,0.7875354107648725,0.8611898016997167,389581.23229461757,7319503.1614473,0.6786897579809196
none,reasoning,0.7,mode,353,0.9971751412429378,0.46742209631728043,0.7677053824362606,0.8498583569405099,389574.2946175637,7319371.749836887,0.6656222862997588
none,reasoning,0.7,trimmed_mean_10,353,0.9971751412429378,0.43909348441926344,0.7478753541076487,0.8356940509915014,389210.76203966007,7312414.812465377,0.6452564981329805
none,reasoning,0.7,winsor_mean_10,353,0.9971751412429378,0.42776203966005666,0.7280453257790368,0.8328611898016998,389215.6345609065,7312414.814119881,0.6354379948452534
none,reasoning,1.0,cluster_mean_mean,353,0.9971751412429378,0.34277620396600567,0.6317280453257791,0.7535410764872521,389573.4674220963,7319257.9025223395,0.559548880583333
none,reasoning,1.0,cluster_mean_mean_wsize,353,0.9971751412429378,0.37393767705382436,0.660056657223796,0.7705382436260623,389572.0821529745,7319257.902472319,0.5847561875228394
none,reasoning,1.0,cluster_mean_mean_wsqrt,353,0.9971751412429378,0.3597733711048159,0.6487252124645893,0.7563739376770539,389572.62606232293,7319257.902486097,0.5727035281729913
none,reasoning,1.0,cluster_mean_median,353,0.9971751412429378,0.44192634560906513,0.7195467422096318,0.8073654390934845,389569.46458923514,7319257.902368243,0.6359881719984831
none,reasoning,1.0,cluster_mean_median_wsize,353,0.9971751412429378,0.41076487252124644,0.7082152974504249,0.8101983002832861,389569.31444759207,7319257.902382047,0.6193959139164574
none,reasoning,1.0,cluster_mean_median_wsqrt,353,0.9971751412429378,0.42776203966005666,0.7252124645892352,0.8215297450424929,389568.45609065157,7319257.902349667,0.6326522922475063
none,reasoning,1.0,cluster_mean_mode,353,0.9971751412429378,0.4475920679886686,0.7337110481586402,0.8243626062322946,389568.6487252125,7319257.902351321,0.6433888765728303
none,reasoning,1.0,cluster_mean_mode_wsize,353,0.9971751412429378,0.4192634560906516,0.7053824362606232,0.8101983002832861,389569.4815864023,7319257.902383366,0.6230446164344576
none,reasoning,1.0,cluster_mean_mode_wsqrt,353,0.9971751412429378,0.43909348441926344,0.7138810198300283,0.8243626062322946,389569.1756373938,7319257.902381877,0.637071060560052
none,reasoning,1.0,cluster_median_mean,353,0.9971751412429378,0.3654390934844193,0.6572237960339944,0.7705382436260623,389586.223796034,7319503.108389261,0.579120591282889
none,reasoning,1.0,cluster_median_mean_wsize,353,0.9971751412429378,0.4192634560906516,0.7195467422096318,0.8016997167138811,389584.3626062323,7319503.108329443,0.623065670328158
none,reasoning,1.0,cluster_median_mean_wsqrt,353,0.9971751412429378,0.3937677053824363,0.6912181303116147,0.7847025495750708,389585.164305949,7319503.108350964,0.6016143360984738
none,reasoning,1.0,cluster_median_median,353,0.9971751412429378,0.44192634560906513,0.7308781869688386,0.8186968838526912,389582.507082153,7319503.10823791,0.6401599317262732
none,reasoning,1.0,cluster_median_median_wsize,353,0.9971751412429378,0.47875354107648727,0.7762039660056658,0.8413597733711048,389581.43342776207,7319503.1082229,0.6707944788983939
none,reasoning,1.0,cluster_median_median_wsqrt,353,0.9971751412429378,0.48725212464589235,0.7762039660056658,0.8441926345609065,389581.43342776207,7319503.108222911,0.6752090209191682
none,reasoning,1.0,cluster_median_mode,353,0.9971751412429378,0.46175637393767704,0.7535410764872521,0.8328611898016998,389583.0481586402,7319503.108282081,0.6565257475639751
none,reasoning,1.0,cluster_median_mode_wsize,353,0.9971751412429378,0.49291784702549574,0.7847025495750708,0.8470254957507082,389581.328611898,7319503.10822274,0.6805599242895108
none,reasoning,1.0,cluster_median_mode_wsqrt,353,0.9971751412429378,0.49575070821529743,0.7762039660056658,0.8470254957507082,389581.3541076487,7319503.108222762,0.6802353197156146
none,reasoning,1.0,cluster_mode_mean,353,0.9971751412429378,0.3597733711048159,0.6543909348441926,0.7705382436260623,389579.1954674221,7319371.696777049,0.5751964383557026
none,reasoning,1.0,cluster_mode_mean_wsize,353,0.9971751412429378,0.44192634560906513,0.7337110481586402,0.8101983002832861,389577.31444759207,7319371.696718322,0.6376421637621447
none,reasoning,1.0,cluster_mode_mean_wsqrt,353,0.9971751412429378,0.3937677053824363,0.6940509915014165,0.7818696883852692,389578.1331444759,7319371.6967392415,0.6023403584352843
none,reasoning,1.0,cluster_mode_median,353,0.9971751412429378,0.45609065155807366,0.7308781869688386,0.8243626062322946,389575.50991501415,7319371.696627604,0.6476472534324974
none,reasoning,1.0,cluster_mode_median_wsize,353,0.9971751412429378,0.49008498583569404,0.7903682719546742,0.8498583569405099,389574.39376770536,7319371.696612586,0.6802483186601213
none,reasoning,1.0,cluster_mode_median_wsqrt,353,0.9971751412429378,0.5014164305949008,0.7903682719546742,0.8555240793201133,389574.39376770536,7319371.6966126,0.6861265056289598
none,reasoning,1.0,cluster_mode_mode,353,0.9971751412429378,0.46742209631728043,0.7507082152974505,0.8328611898016998,389576.07648725214,7319371.696671769,0.6584928078879763
none,reasoning,1.0,cluster_mode_mode_wsize,353,0.9971751412429378,0.5070821529745042,0.7988668555240793,0.8583569405099151,389574.2804532578,7319371.696612422,0.6917337154879035
none,reasoning,1.0,cluster_mode_mode_wsqrt,353,0.9971751412429378,0.5127478753541076,0.7932011331444759,0.8583569405099151,389574.30028328614,7319371.696612444,0.6932976850405417
none,reasoning,1.0,dedup_k_mean,353,0.9971751412429378,0.24362606232294617,0.5297450424929179,0.660056657223796,389577.09915014164,7319235.1227361895,0.4763089202260802
none,reasoning,1.0,dedup_k_median,353,0.9971751412429378,0.31728045325779036,0.6373937677053825,0.7932011331444759,389593.88101983,7319634.520381915,0.556432075177761
none,reasoning,1.0,dedup_k_mode,353,0.9971751412429378,0.33994334277620397,0.6487252124645893,0.7818696883852692,389593.7280453258,7319634.520382362,0.5699116757676244
none,reasoning,1.0,dedup_text_mean,353,0.9971751412429378,0.3597733711048159,0.6487252124645893,0.7705382436260623,389572.104815864,7319257.902472281,0.5756300315421241
none,reasoning,1.0,dedup_text_median,353,0.9971751412429378,0.49575070821529743,0.7762039660056658,0.8470254957507082,389581.3852691218,7319503.108222854,0.6802315695339386
none,reasoning,1.0,dedup_text_mode,353,0.9971751412429378,0.49291784702549574,0.7847025495750708,0.8526912181303116,389574.28895184136,7319371.696612331,0.6816356973544976
none,reasoning,1.0,mean,353,0.9971751412429378,0.3597733711048159,0.6487252124645893,0.7705382436260623,389572.104815864,7319257.902472281,0.5756300315421241
none,reasoning,1.0,median,353,0.9971751412429378,0.49575070821529743,0.7762039660056658,0.8470254957507082,389581.3852691218,7319503.108222854,0.6802315695339386
none,reasoning,1.0,mode,353,0.9971751412429378,0.49291784702549574,0.7847025495750708,0.8526912181303116,389574.28895184136,7319371.696612331,0.6816356973544976
none,reasoning,1.0,trimmed_mean_10,353,0.9971751412429378,0.4447592067988669,0.7223796033994334,0.8271954674220963,389570.059490085,7319257.902436571,0.6426266059783992
none,reasoning,1.0,winsor_mean_10,353,0.9971751412429378,0.43059490084985835,0.6997167138810199,0.8186968838526912,389570.3031161473,7319257.90244769,0.6299096447675278
