top_k_setting,model_kind,temperature,method,n,coverage,acc,acc_within1,acc_within2,mae,rmse
40,reasoning,0.1,cluster_mean_mean,350,0.9887005649717514,0.20285714285714285,0.5057142857142857,0.68,38.917142857142856,453.5928917306481
40,reasoning,0.1,cluster_mean_mean_wlen,350,0.9887005649717514,0.22,0.48,0.6828571428571428,38.29714285714286,471.1484570402715
40,reasoning,0.1,cluster_mean_mean_wsize,350,0.9887005649717514,0.23142857142857143,0.5085714285714286,0.6714285714285714,35.59142857142857,354.5978124177144
40,reasoning,0.1,cluster_mean_median,350,0.9887005649717514,0.2257142857142857,0.52,0.6942857142857143,12.571428571428571,109.61741258968459
40,reasoning,0.1,cluster_mean_median_wlen,350,0.9887005649717514,0.26857142857142857,0.5371428571428571,0.6857142857142857,12.757142857142858,110.07006859269235
40,reasoning,0.1,cluster_mean_median_wsize,350,0.9887005649717514,0.24,0.52,0.6714285714285714,24.045714285714286,258.77475036906407
40,reasoning,0.1,cluster_mean_mode,350,0.9887005649717514,0.25142857142857145,0.52,0.68,63.26,1054.8895609087645
40,reasoning,0.1,cluster_mean_mode_wlen,350,0.9887005649717514,0.24571428571428572,0.5171428571428571,0.6742857142857143,63.714285714285715,1054.991875391871
40,reasoning,0.1,cluster_mean_mode_wsize,350,0.9887005649717514,0.24571428571428572,0.5228571428571429,0.6742857142857143,24.057142857142857,258.77533554362225
40,reasoning,0.1,cluster_median_mean,350,0.9887005649717514,0.2257142857142857,0.5285714285714286,0.6771428571428572,33.322857142857146,426.6892177820159
40,reasoning,0.1,cluster_median_mean_wlen,350,0.9887005649717514,0.24285714285714285,0.5028571428571429,0.6771428571428572,32.62,443.42356081484246
40,reasoning,0.1,cluster_median_mean_wsize,350,0.9887005649717514,0.26285714285714284,0.54,0.6857142857142857,19.98857142857143,215.92333295474512
40,reasoning,0.1,cluster_median_median,350,0.9887005649717514,0.26285714285714284,0.5457142857142857,0.7028571428571428,6.848571428571429,30.906910923887928
40,reasoning,0.1,cluster_median_median_wlen,350,0.9887005649717514,0.29714285714285715,0.5628571428571428,0.7,6.922857142857143,30.98520384220277
40,reasoning,0.1,cluster_median_median_wsize,350,0.9887005649717514,0.29428571428571426,0.5628571428571428,0.7028571428571428,6.3342857142857145,28.454625534097516
40,reasoning,0.1,cluster_median_mode,350,0.9887005649717514,0.2857142857142857,0.5657142857142857,0.7,6.942857142857143,30.99474609856138
40,reasoning,0.1,cluster_median_mode_wlen,350,0.9887005649717514,0.28,0.5428571428571428,0.6857142857142857,63.43142857142857,1054.9806430180874
40,reasoning,0.1,cluster_median_mode_wsize,350,0.9887005649717514,0.3,0.5714285714285714,0.7057142857142857,6.357142857142857,28.463962177763356
40,reasoning,0.1,cluster_mode_mean,350,0.9887005649717514,0.2342857142857143,0.5314285714285715,0.6714285714285714,33.19428571428571,426.64645115799834
40,reasoning,0.1,cluster_mode_mean_wlen,350,0.9887005649717514,0.24,0.5057142857142857,0.6771428571428572,32.502857142857145,443.3693784129501
40,reasoning,0.1,cluster_mode_mean_wsize,350,0.9887005649717514,0.24857142857142858,0.5228571428571429,0.6742857142857143,20.097142857142856,215.94746715678
40,reasoning,0.1,cluster_mode_median,350,0.9887005649717514,0.26285714285714284,0.5485714285714286,0.6914285714285714,6.654285714285714,29.860198066513703
40,reasoning,0.1,cluster_mode_median_wlen,350,0.9887005649717514,0.2914285714285714,0.56,0.6942857142857143,6.768571428571429,30.258174810406903
40,reasoning,0.1,cluster_mode_median_wsize,350,0.9887005649717514,0.28,0.5428571428571428,0.6828571428571428,6.517142857142857,29.12097918290916
40,reasoning,0.1,cluster_mode_mode,350,0.9887005649717514,0.28285714285714286,0.5628571428571428,0.6971428571428572,6.74,30.230306458443795
40,reasoning,0.1,cluster_mode_mode_wlen,350,0.9887005649717514,0.28285714285714286,0.5428571428571428,0.6914285714285714,6.8914285714285715,30.323211288667018
40,reasoning,0.1,cluster_mode_mode_wsize,350,0.9887005649717514,0.2914285714285714,0.5571428571428572,0.6857142857142857,6.537142857142857,29.13083785759885
40,reasoning,0.1,dedup_k_mean,352,0.9943502824858758,0.1903409090909091,0.4772727272727273,0.6534090909090909,49.80965909090909,474.81615760494844
40,reasoning,0.1,dedup_k_median,352,0.9943502824858758,0.21022727272727273,0.5170454545454546,0.6988636363636364,8.056818181818182,39.05503110414143
40,reasoning,0.1,dedup_k_mode,352,0.9943502824858758,0.20454545454545456,0.5170454545454546,0.6875,6.65625,28.5289426404453
40,reasoning,0.1,dedup_text_mean,352,0.9943502824858758,0.22727272727272727,0.4971590909090909,0.6676136363636364,35.42045454545455,353.6325214502658
40,reasoning,0.1,dedup_text_median,352,0.9943502824858758,0.2869318181818182,0.5625,0.7017045454545454,6.5085227272727275,29.162018027813943
40,reasoning,0.1,dedup_text_mode,352,0.9943502824858758,0.2869318181818182,0.5482954545454546,0.6903409090909091,6.448863636363637,29.027220766972256
40,reasoning,0.1,mean,352,0.9943502824858758,0.23011363636363635,0.4971590909090909,0.6676136363636364,35.42045454545455,353.6326499863434
40,reasoning,0.1,median,352,0.9943502824858758,0.2869318181818182,0.5625,0.6988636363636364,6.465909090909091,29.121610220215878
40,reasoning,0.1,mode,352,0.9943502824858758,0.2897727272727273,0.5482954545454546,0.6875,6.454545454545454,29.028199455639058
40,reasoning,0.1,trimmed_mean_10,352,0.9943502824858758,0.26420454545454547,0.53125,0.6846590909090909,21.90625,251.39741830778252
40,reasoning,0.1,winsor_mean_10,352,0.9943502824858758,0.25,0.5284090909090909,0.6818181818181818,26.982954545454547,305.0633410383072
40,reasoning,0.4,cluster_mean_mean,352,0.9943502824858758,0.23295454545454544,0.5170454545454546,0.6590909090909091,5746803.3835227275,106607360.94992794
40,reasoning,0.4,cluster_mean_mean_wlen,352,0.9943502824858758,0.24431818181818182,0.5255681818181818,0.6647727272727273,4353501.625,80588561.08143488
40,reasoning,0.4,cluster_mean_mean_wsize,352,0.9943502824858758,0.21306818181818182,0.5142045454545454,0.7045454545454546,4358811.0227272725,79971205.44746047
40,reasoning,0.4,cluster_mean_median,352,0.9943502824858758,0.2755681818181818,0.5965909090909091,0.7272727272727273,64962.920454545456,1218568.2628606847
40,reasoning,0.4,cluster_mean_median_wlen,352,0.9943502824858758,0.3068181818181818,0.6193181818181818,0.7414772727272727,6.0,27.50723045442284
40,reasoning,0.4,cluster_mean_median_wsize,352,0.9943502824858758,0.26420454545454547,0.5909090909090909,0.7301136363636364,129907.76988636363,2437136.5117955324
40,reasoning,0.4,cluster_mean_mode,352,0.9943502824858758,0.29829545454545453,0.5965909090909091,0.7244318181818182,6.201704545454546,27.737558636096818
40,reasoning,0.4,cluster_mean_mode_wlen,352,0.9943502824858758,0.3153409090909091,0.6079545454545454,0.7159090909090909,33.13636363636363,526.1766899919733
40,reasoning,0.4,cluster_mean_mode_wsize,352,0.9943502824858758,0.26136363636363635,0.5710227272727273,0.71875,129908.00852272728,2437136.5117982565
40,reasoning,0.4,cluster_median_mean,352,0.9943502824858758,0.2471590909090909,0.5426136363636364,0.6761363636363636,5681851.738636363,106600398.52645789
40,reasoning,0.4,cluster_median_mean_wlen,352,0.9943502824858758,0.2528409090909091,0.5426136363636364,0.6846590909090909,4295014.065340909,80581092.29661465
40,reasoning,0.4,cluster_median_mean_wsize,352,0.9943502824858758,0.2528409090909091,0.5568181818181818,0.71875,4261384.105113637,79950321.88035202
40,reasoning,0.4,cluster_median_median,352,0.9943502824858758,0.3096590909090909,0.6107954545454546,0.7471590909090909,6.1164772727272725,28.248944067152156
40,reasoning,0.4,cluster_median_median_wlen,352,0.9943502824858758,0.3210227272727273,0.6306818181818182,0.7670454545454546,6.090909090909091,28.24185320985988
40,reasoning,0.4,cluster_median_median_wsize,352,0.9943502824858758,0.33238636363636365,0.6278409090909091,0.7698863636363636,9.75,94.72325120149655
40,reasoning,0.4,cluster_median_mode,352,0.9943502824858758,0.32954545454545453,0.6136363636363636,0.7471590909090909,6.323863636363637,28.465389670456105
40,reasoning,0.4,cluster_median_mode_wlen,352,0.9943502824858758,0.32954545454545453,0.6193181818181818,0.7443181818181818,5.1875,23.019507537580537
40,reasoning,0.4,cluster_median_mode_wsize,352,0.9943502824858758,0.32954545454545453,0.6136363636363636,0.7613636363636364,10.019886363636363,94.80975268687
40,reasoning,0.4,cluster_mode_mean,352,0.9943502824858758,0.22727272727272727,0.5426136363636364,0.6676136363636364,5681847.485795454,106600398.52627827
40,reasoning,0.4,cluster_mode_mean_wlen,352,0.9943502824858758,0.23579545454545456,0.5482954545454546,0.6761363636363636,4295006.224431818,80581092.29633224
40,reasoning,0.4,cluster_mode_mean_wsize,352,0.9943502824858758,0.2471590909090909,0.5511363636363636,0.6875,4261381.403409091,79950321.88028887
40,reasoning,0.4,cluster_mode_median,352,0.9943502824858758,0.3068181818181818,0.6079545454545454,0.7386363636363636,6.588068181818182,31.35958060074378
40,reasoning,0.4,cluster_mode_median_wlen,352,0.9943502824858758,0.3096590909090909,0.6221590909090909,0.75,6.590909090909091,31.355367816517333
40,reasoning,0.4,cluster_mode_median_wsize,352,0.9943502824858758,0.3068181818181818,0.5994318181818182,0.7471590909090909,10.244318181818182,95.68912733905086
40,reasoning,0.4,cluster_mode_mode,352,0.9943502824858758,0.3153409090909091,0.6051136363636364,0.7329545454545454,6.775568181818182,31.546187278626586
40,reasoning,0.4,cluster_mode_mode_wlen,352,0.9943502824858758,0.30113636363636365,0.6164772727272727,0.7329545454545454,5.6335227272727275,26.736562045259298
40,reasoning,0.4,cluster_mode_mode_wsize,352,0.9943502824858758,0.3068181818181818,0.5823863636363636,0.7414772727272727,10.505681818181818,95.77364412556781
40,reasoning,0.4,dedup_k_mean,353,0.9971751412429378,0.1529745042492918,0.43059490084985835,0.603399433427762,6731705.402266289,122880344.48241936
40,reasoning,0.4,dedup_k_median,353,0.9971751412429378,0.2096317280453258,0.5439093484419264,0.7280453257790368,194303.89801699718,3650523.095370836
40,reasoning,0.4,dedup_k_mode,353,0.9971751412429378,0.18980169971671387,0.5325779036827195,0.6827195467422096,6.243626062322946,28.8070655481559
40,reasoning,0.4,dedup_text_mean,353,0.9971751412429378,0.22946175637393768,0.5269121813031161,0.7053824362606232,4346463.082152975,79857851.4493826
40,reasoning,0.4,dedup_text_median,353,0.9971751412429378,0.3059490084985836,0.6317280453257791,0.7818696883852692,7.926345609065156,59.50580232141244
40,reasoning,0.4,dedup_text_mode,353,0.9971751412429378,0.3087818696883853,0.6062322946175638,0.7422096317280453,10.643059490084985,95.89171477856053
40,reasoning,0.4,mean,353,0.9971751412429378,0.22946175637393768,0.5269121813031161,0.7053824362606232,4346463.082152975,79857851.4493826
40,reasoning,0.4,median,353,0.9971751412429378,0.3059490084985836,0.6317280453257791,0.7818696883852692,7.926345609065156,59.50580232141244
40,reasoning,0.4,mode,353,0.9971751412429378,0.3087818696883853,0.6062322946175638,0.7422096317280453,10.643059490084985,95.89171477856053
40,reasoning,0.4,trimmed_mean_10,353,0.9971751412429378,0.2577903682719547,0.5807365439093485,0.7337110481586402,97163.83002832861,1825261.5532116613
40,reasoning,0.4,winsor_mean_10,353,0.9971751412429378,0.24645892351274787,0.56657223796034,0.7252124645892352,97166.65439093484,1825261.556959722
40,reasoning,0.7,cluster_mean_mean,353,0.9971751412429378,0.24079320113314448,0.5127478753541076,0.6572237960339944,9.11866540761725e+26,1.713241686455085e+28
40,reasoning,0.7,cluster_mean_mean_wlen,353,0.9971751412429378,0.23796033994334279,0.4985835694050991,0.6685552407932012,1.0057296117716252e+27,1.8895943859833762e+28
40,reasoning,0.7,cluster_mean_mean_wsize,353,0.9971751412429378,0.24079320113314448,0.5297450424929179,0.6770538243626062,8.638735649321604e+26,1.6230710713785016e+28
40,reasoning,0.7,cluster_mean_median,353,0.9971751412429378,0.3087818696883853,0.6090651558073654,0.7592067988668555,194873.34560906515,3661153.5985079054
40,reasoning,0.7,cluster_mean_median_wlen,353,0.9971751412429378,0.3031161473087819,0.5977337110481586,0.7563739376770539,1003276.9121813031,18849658.873014536
40,reasoning,0.7,cluster_mean_median_wsize,353,0.9971751412429378,0.2719546742209632,0.5949008498583569,0.7393767705382436,1393003.1926345609,20221914.387634393
40,reasoning,0.7,cluster_mean_mode,353,0.9971751412429378,0.32294617563739375,0.6005665722379604,0.7252124645892352,9.968838526912181,94.51460909004892
40,reasoning,0.7,cluster_mean_mode_wlen,353,0.9971751412429378,0.311614730878187,0.5892351274787535,0.7110481586402266,1003273.2719546743,18849658.872800343
40,reasoning,0.7,cluster_mean_mode_wsize,353,0.9971751412429378,0.2747875354107649,0.5807365439093485,0.7195467422096318,1393006.9121813031,20221914.387769435
40,reasoning,0.7,cluster_median_mean,353,0.9971751412429378,0.26062322946175637,0.5212464589235127,0.6685552407932012,9.11866540761725e+26,1.713241686455085e+28
40,reasoning,0.7,cluster_median_mean_wlen,353,0.9971751412429378,0.26628895184135976,0.5240793201133145,0.6798866855524079,1.0057296117716252e+27,1.8895943859833762e+28
40,reasoning,0.7,cluster_median_mean_wsize,353,0.9971751412429378,0.28328611898017,0.5609065155807366,0.7082152974504249,8.638735649321604e+26,1.6230710713785016e+28
40,reasoning,0.7,cluster_median_median,353,0.9971751412429378,0.3342776203966006,0.6175637393767706,0.7762039660056658,194682.5297450425,3657569.6648626295
40,reasoning,0.7,cluster_median_median_wlen,353,0.9971751412429378,0.3371104815864023,0.6147308781869688,0.7705382436260623,10.912181303116148,97.3604616365647
40,reasoning,0.7,cluster_median_median_wsize,353,0.9971751412429378,0.3342776203966006,0.6175637393767706,0.7705382436260623,389355.4135977337,7315139.327884316
40,reasoning,0.7,cluster_median_mode,353,0.9971751412429378,0.3286118980169972,0.6147308781869688,0.7422096317280453,9.920679886685553,94.70275549326428
40,reasoning,0.7,cluster_median_mode_wlen,353,0.9971751412429378,0.33994334277620397,0.5977337110481586,0.7280453257790368,7.223796033994335,36.86941968147485
40,reasoning,0.7,cluster_median_mode_wsize,353,0.9971751412429378,0.34277620396600567,0.6062322946175638,0.7507082152974505,389355.447592068,7315139.3278836915
40,reasoning,0.7,cluster_mode_mean,353,0.9971751412429378,0.26912181303116145,0.5184135977337111,0.6628895184135978,9.11866540761725e+26,1.713241686455085e+28
40,reasoning,0.7,cluster_mode_mean_wlen,353,0.9971751412429378,0.26912181303116145,0.5155807365439093,0.6855524079320113,1.0057296117716252e+27,1.8895943859833762e+28
40,reasoning,0.7,cluster_mode_mean_wsize,353,0.9971751412429378,0.26912181303116145,0.5495750708215298,0.71671388101983,8.638735649321604e+26,1.6230710713785016e+28
40,reasoning,0.7,cluster_mode_median,353,0.9971751412429378,0.34277620396600567,0.6175637393767706,0.7790368271954674,194682.51841359775,3657569.6648626467
40,reasoning,0.7,cluster_mode_median_wlen,353,0.9971751412429378,0.3314447592067989,0.6118980169971672,0.7705382436260623,10.895184135977336,97.35504951322443
40,reasoning,0.7,cluster_mode_median_wsize,353,0.9971751412429378,0.3342776203966006,0.6203966005665722,0.7592067988668555,389355.63172804535,7315139.327885045
40,reasoning,0.7,cluster_mode_mode,353,0.9971751412429378,0.32577903682719545,0.6090651558073654,0.7450424929178471,9.810198300283286,94.67351083798961
40,reasoning,0.7,cluster_mode_mode_wlen,353,0.9971751412429378,0.3342776203966006,0.5977337110481586,0.7365439093484419,6.620396600566572,33.31236828896784
40,reasoning,0.7,cluster_mode_mode_wsize,353,0.9971751412429378,0.3314447592067989,0.6062322946175638,0.7507082152974505,389355.5269121813,7315139.327884049
40,reasoning,0.7,dedup_k_mean,353,0.9971751412429378,0.16997167138810199,0.43059490084985835,0.6118980169971672,1.09423984891407e+27,2.055890023746102e+28
40,reasoning,0.7,dedup_k_median,353,0.9971751412429378,0.24645892351274787,0.5694050991501416,0.71671388101983,389355.67705382436,7315138.423065644
40,reasoning,0.7,dedup_k_mode,353,0.9971751412429378,0.24645892351274787,0.5580736543909348,0.7223796033994334,389355.7252124646,7315137.518246782
40,reasoning,0.7,dedup_text_mean,353,0.9971751412429378,0.24929178470254956,0.5269121813031161,0.6770538243626062,8.638735649321604e+26,1.6230710713785016e+28
40,reasoning,0.7,dedup_text_median,353,0.9971751412429378,0.35127478753541075,0.6260623229461756,0.7762039660056658,389355.1983002833,7315138.423065306
40,reasoning,0.7,dedup_text_mode,353,0.9971751412429378,0.3371104815864023,0.6260623229461756,0.7507082152974505,389355.5835694051,7315137.518251981
40,reasoning,0.7,mean,353,0.9971751412429378,0.24929178470254956,0.5269121813031161,0.6770538243626062,8.638735649321604e+26,1.6230710713785016e+28
40,reasoning,0.7,median,353,0.9971751412429378,0.35127478753541075,0.6260623229461756,0.7762039660056658,389355.1983002833,7315138.423065306
40,reasoning,0.7,mode,353,0.9971751412429378,0.3371104815864023,0.6260623229461756,0.7507082152974505,389355.5835694051,7315137.518251981
40,reasoning,0.7,trimmed_mean_10,353,0.9971751412429378,0.28895184135977336,0.5864022662889519,0.7195467422096318,6.055657390434928e+26,1.1377547279579284e+28
40,reasoning,0.7,winsor_mean_10,353,0.9971751412429378,0.2804532577903683,0.5637393767705382,0.7138810198300283,8.623825853585806e+26,1.6202697750868575e+28
40,reasoning,1.0,cluster_mean_mean,353,0.9971751412429378,0.2237960339943343,0.5014164305949008,0.6685552407932012,3.187714328313702e+26,5.989171471534753e+27
40,reasoning,1.0,cluster_mean_mean_wlen,353,0.9971751412429378,0.24645892351274787,0.5240793201133145,0.6742209631728046,3.545351023060906e+26,6.661109816300744e+27
40,reasoning,1.0,cluster_mean_mean_wsize,353,0.9971751412429378,0.23796033994334279,0.5212464589235127,0.6827195467422096,3.187714328313702e+26,5.989171471534753e+27
40,reasoning,1.0,cluster_mean_median,353,0.9971751412429378,0.31444759206798867,0.6090651558073654,0.7648725212464589,4.589235127478753,18.050134776203016
40,reasoning,1.0,cluster_mean_median_wlen,353,0.9971751412429378,0.3342776203966006,0.6147308781869688,0.7620396600566572,4.835694050991502,19.262095644345088
40,reasoning,1.0,cluster_mean_median_wsize,353,0.9971751412429378,0.2747875354107649,0.5864022662889519,0.7422096317280453,44.56940509915014,746.1057254445086
40,reasoning,1.0,cluster_mean_mode,353,0.9971751412429378,0.311614730878187,0.6147308781869688,0.7648725212464589,4.4872521246458925,17.596033547381253
40,reasoning,1.0,cluster_mean_mode_wlen,353,0.9971751412429378,0.34844192634560905,0.6090651558073654,0.7478753541076487,5.7025495750708215,32.38223378885106
40,reasoning,1.0,cluster_mean_mode_wsize,353,0.9971751412429378,0.26912181303116145,0.5892351274787535,0.7422096317280453,259736.12747875354,4879893.666148648
40,reasoning,1.0,cluster_median_mean,353,0.9971751412429378,0.2237960339943343,0.5070821529745042,0.6742209631728046,3.187714328313702e+26,5.989171471534753e+27
40,reasoning,1.0,cluster_median_mean_wlen,353,0.9971751412429378,0.24929178470254956,0.5354107648725213,0.6883852691218131,3.545351023060906e+26,6.661109816300744e+27
40,reasoning,1.0,cluster_median_mean_wsize,353,0.9971751412429378,0.26345609065155806,0.5552407932011332,0.6968838526912181,3.187714328313702e+26,5.989171471534753e+27
40,reasoning,1.0,cluster_median_median,353,0.9971751412429378,0.3314447592067989,0.6288951841359773,0.7790368271954674,4.5609065155807365,18.172450587082178
40,reasoning,1.0,cluster_median_median_wlen,353,0.9971751412429378,0.35410764872521244,0.6317280453257791,0.7790368271954674,4.796033994334278,19.585723539666283
40,reasoning,1.0,cluster_median_median_wsize,353,0.9971751412429378,0.3286118980169972,0.6260623229461756,0.7818696883852692,44.934844192634564,746.2641763900856
40,reasoning,1.0,cluster_median_mode,353,0.9971751412429378,0.32577903682719545,0.6147308781869688,0.7648725212464589,4.518413597733711,17.62233645716798
40,reasoning,1.0,cluster_median_mode_wlen,353,0.9971751412429378,0.3654390934844193,0.6203966005665722,0.7563739376770539,6.7025495750708215,47.41373559366711
40,reasoning,1.0,cluster_median_mode_wsize,353,0.9971751412429378,0.32294617563739375,0.6345609065155807,0.7875354107648725,388864.7648725212,7306006.938923993
40,reasoning,1.0,cluster_mode_mean,353,0.9971751412429378,0.2237960339943343,0.4985835694050991,0.6657223796033994,3.187714328313702e+26,5.989171471534753e+27
40,reasoning,1.0,cluster_mode_mean_wlen,353,0.9971751412429378,0.23229461756373937,0.5184135977337111,0.6798866855524079,3.545351023060906e+26,6.661109816300744e+27
40,reasoning,1.0,cluster_mode_mean_wsize,353,0.9971751412429378,0.2577903682719547,0.5325779036827195,0.6855524079320113,3.187714328313702e+26,5.989171471534753e+27
40,reasoning,1.0,cluster_mode_median,353,0.9971751412429378,0.32011331444759206,0.623229461756374,0.7790368271954674,4.592067988668555,18.18904504841777
40,reasoning,1.0,cluster_mode_median_wlen,353,0.9971751412429378,0.35127478753541075,0.6260623229461756,0.7790368271954674,4.8215297450424925,19.55742615599061
40,reasoning,1.0,cluster_mode_median_wsize,353,0.9971751412429378,0.32294617563739375,0.6203966005665722,0.773371104815864,45.03116147308782,746.2661655211897
40,reasoning,1.0,cluster_mode_mode,353,0.9971751412429378,0.3059490084985836,0.6118980169971672,0.7620396600566572,4.804532577903683,18.119840283457716
40,reasoning,1.0,cluster_mode_mode_wlen,353,0.9971751412429378,0.34844192634560905,0.6090651558073654,0.7535410764872521,5.713881019830028,25.017897276469448
40,reasoning,1.0,cluster_mode_mode_wsize,353,0.9971751412429378,0.32011331444759206,0.6203966005665722,0.7762039660056658,388864.8668555241,7306006.938924084
40,reasoning,1.0,dedup_k_mean,353,0.9971751412429378,0.16997167138810199,0.4164305949008499,0.5750708215297451,4.3261837312828814e+26,8.128161282797166e+27
40,reasoning,1.0,dedup_k_median,353,0.9971751412429378,0.21246458923512748,0.5580736543909348,0.7195467422096318,44.668555240793204,746.1173874179353
40,reasoning,1.0,dedup_k_mode,353,0.9971751412429378,0.18980169971671387,0.5042492917847026,0.7110481586402266,44.54957507082153,746.0998004163405
40,reasoning,1.0,dedup_text_mean,353,0.9971751412429378,0.22096317280453256,0.5240793201133145,0.6798866855524079,3.187714328313702e+26,5.989171471534753e+27
40,reasoning,1.0,dedup_text_median,353,0.9971751412429378,0.3342776203966006,0.6260623229461756,0.7903682719546742,4.504249291784703,18.16668182723246
40,reasoning,1.0,dedup_text_mode,353,0.9971751412429378,0.35127478753541075,0.6288951841359773,0.7677053824362606,5.36543909348442,24.007081108347517
40,reasoning,1.0,mean,353,0.9971751412429378,0.22096317280453256,0.5240793201133145,0.6798866855524079,3.187714328313702e+26,5.989171471534753e+27
40,reasoning,1.0,median,353,0.9971751412429378,0.3342776203966006,0.6260623229461756,0.7903682719546742,4.504249291784703,18.16668182723246
40,reasoning,1.0,mode,353,0.9971751412429378,0.35127478753541075,0.6288951841359773,0.7677053824362606,5.36543909348442,24.007081108347517
40,reasoning,1.0,trimmed_mean_10,353,0.9971751412429378,0.2577903682719547,0.5892351274787535,0.7450424929178471,111630.58923512748,2091496.7045074217
40,reasoning,1.0,winsor_mean_10,353,0.9971751412429378,0.24645892351274787,0.5750708215297451,0.7308781869688386,111861.10481586402,2091512.2667269334
none,reasoning,0.1,cluster_mean_mean,351,0.9915254237288136,0.21367521367521367,0.4757834757834758,0.6410256410256411,9.544159544159544e+63,1.7880977174901397e+65
none,reasoning,0.1,cluster_mean_mean_wlen,351,0.9915254237288136,0.22792022792022792,0.47863247863247865,0.6467236467236467,9.544159544159544e+63,1.7880977174901397e+65
none,reasoning,0.1,cluster_mean_mean_wsize,351,0.9915254237288136,0.22792022792022792,0.50997150997151,0.6552706552706553,9.544159544159544e+63,1.7880977174901397e+65
none,reasoning,0.1,cluster_mean_median,351,0.9915254237288136,0.23931623931623933,0.4928774928774929,0.6866096866096866,9.544159544159544e+63,1.7880977174901397e+65
none,reasoning,0.1,cluster_mean_median_wlen,351,0.9915254237288136,0.2564102564102564,0.4985754985754986,0.6666666666666666,9.544159544159544e+63,1.7880977174901397e+65
none,reasoning,0.1,cluster_mean_median_wsize,351,0.9915254237288136,0.24786324786324787,0.5384615384615384,0.6666666666666666,9.544159544159544e+63,1.7880977174901397e+65
none,reasoning,0.1,cluster_mean_mode,351,0.9915254237288136,0.2535612535612536,0.5014245014245015,0.6581196581196581,9.544159544159544e+63,1.7880977174901397e+65
none,reasoning,0.1,cluster_mean_mode_wlen,351,0.9915254237288136,0.27350427350427353,0.49572649572649574,0.6524216524216524,9.544159544159544e+63,1.7880977174901397e+65
none,reasoning,0.1,cluster_mean_mode_wsize,351,0.9915254237288136,0.25071225071225073,0.5384615384615384,0.6723646723646723,9.544159544159544e+63,1.7880977174901397e+65
none,reasoning,0.1,cluster_median_mean,351,0.9915254237288136,0.22507122507122507,0.4928774928774929,0.6581196581196581,9.245014245014245,40.53674777566548
none,reasoning,0.1,cluster_median_mean_wlen,351,0.9915254237288136,0.23931623931623933,0.49002849002849,0.6638176638176638,8.091168091168091,35.3942387508495
none,reasoning,0.1,cluster_median_mean_wsize,351,0.9915254237288136,0.245014245014245,0.5270655270655271,0.6809116809116809,7.951566951566951,36.13566555062083
none,reasoning,0.1,cluster_median_median,351,0.9915254237288136,0.24786324786324787,0.5071225071225072,0.6923076923076923,6.504273504273504,28.603936533022605
none,reasoning,0.1,cluster_median_median_wlen,351,0.9915254237288136,0.2706552706552707,0.5156695156695157,0.6923076923076923,7.339031339031339,32.55781620458283
none,reasoning,0.1,cluster_median_median_wsize,351,0.9915254237288136,0.2678062678062678,0.5612535612535613,0.7008547008547008,6.347578347578348,28.708774480874872
none,reasoning,0.1,cluster_median_mode,351,0.9915254237288136,0.2621082621082621,0.5242165242165242,0.6866096866096866,6.487179487179487,28.641362316196403
none,reasoning,0.1,cluster_median_mode_wlen,351,0.9915254237288136,0.27635327635327633,0.5128205128205128,0.6666666666666666,7.737891737891738,32.96004660744084
none,reasoning,0.1,cluster_median_mode_wsize,351,0.9915254237288136,0.2678062678062678,0.5641025641025641,0.7065527065527065,6.344729344729345,28.70872486180609
none,reasoning,0.1,cluster_mode_mean,351,0.9915254237288136,0.24216524216524216,0.49572649572649574,0.6524216524216524,8.98860398860399,39.586142500408876
none,reasoning,0.1,cluster_mode_mean_wlen,351,0.9915254237288136,0.2564102564102564,0.4928774928774929,0.6638176638176638,7.803418803418803,34.31532180442594
none,reasoning,0.1,cluster_mode_mean_wsize,351,0.9915254237288136,0.2535612535612536,0.5213675213675214,0.6695156695156695,7.948717948717949,35.59058103894145
none,reasoning,0.1,cluster_mode_median,351,0.9915254237288136,0.2621082621082621,0.5156695156695157,0.698005698005698,6.2592592592592595,27.19618500143869
none,reasoning,0.1,cluster_mode_median_wlen,351,0.9915254237288136,0.2934472934472934,0.5185185185185185,0.6951566951566952,6.94017094017094,31.11196580022574
none,reasoning,0.1,cluster_mode_median_wsize,351,0.9915254237288136,0.2792022792022792,0.5498575498575499,0.6837606837606838,6.452991452991453,28.248641648506837
none,reasoning,0.1,cluster_mode_mode,351,0.9915254237288136,0.2792022792022792,0.5185185185185185,0.6866096866096866,6.433048433048433,27.775247748028953
none,reasoning,0.1,cluster_mode_mode_wlen,351,0.9915254237288136,0.2934472934472934,0.5042735042735043,0.6666666666666666,7.236467236467236,31.39945741451476
none,reasoning,0.1,cluster_mode_mode_wsize,351,0.9915254237288136,0.2849002849002849,0.5527065527065527,0.6837606837606838,6.475783475783476,28.25519643103062
none,reasoning,0.1,dedup_k_mean,352,0.9943502824858758,0.20170454545454544,0.4659090909090909,0.6193181818181818,2.1148989898989898e+64,3.9679022210627495e+65
none,reasoning,0.1,dedup_k_median,352,0.9943502824858758,0.24147727272727273,0.5369318181818182,0.6761363636363636,6.642045454545454,28.437531218764082
none,reasoning,0.1,dedup_k_mode,352,0.9943502824858758,0.22443181818181818,0.5227272727272727,0.6846590909090909,7.011363636363637,29.21900066737396
none,reasoning,0.1,dedup_text_mean,352,0.9943502824858758,0.21875,0.5198863636363636,0.6590909090909091,9.517045454545456e+63,1.7855559994782374e+65
none,reasoning,0.1,dedup_text_median,352,0.9943502824858758,0.2784090909090909,0.5738636363636364,0.7073863636363636,6.25,28.30274641347469
none,reasoning,0.1,dedup_text_mode,352,0.9943502824858758,0.2897727272727273,0.5511363636363636,0.6761363636363636,5.517045454545454,21.806613884115734
none,reasoning,0.1,mean,352,0.9943502824858758,0.21875,0.5170454545454546,0.6590909090909091,9.517045454545456e+63,1.7855559994782374e+65
none,reasoning,0.1,median,352,0.9943502824858758,0.28125,0.5738636363636364,0.7073863636363636,6.264204545454546,28.310123068998095
none,reasoning,0.1,mode,352,0.9943502824858758,0.29261363636363635,0.5511363636363636,0.6789772727272727,5.53125,21.811107991529955
none,reasoning,0.1,trimmed_mean_10,352,0.9943502824858758,0.23011363636363635,0.5340909090909091,0.6846590909090909,17.670454545454547,163.93369294265955
none,reasoning,0.1,winsor_mean_10,352,0.9943502824858758,0.22443181818181818,0.5255681818181818,0.6846590909090909,24.477272727272727,248.1272355063023
none,reasoning,0.4,cluster_mean_mean,353,0.9971751412429378,0.21813031161473087,0.5014164305949008,0.6572237960339944,2.655807365439109e+19,4.989809019490776e+20
none,reasoning,0.4,cluster_mean_mean_wlen,353,0.9971751412429378,0.23796033994334279,0.5269121813031161,0.6572237960339944,5.009042930972578e+19,9.411137238807619e+20
none,reasoning,0.4,cluster_mean_mean_wsize,353,0.9971751412429378,0.23512747875354106,0.5184135977337111,0.6713881019830028,8.498583569405115e+19,1.5967388862370483e+21
none,reasoning,0.4,cluster_mean_median,353,0.9971751412429378,0.2776203966005666,0.5779036827195467,0.7195467422096318,155421.62606232293,2920008.667927865
none,reasoning,0.4,cluster_mean_median_wlen,353,0.9971751412429378,0.2804532577903683,0.5722379603399433,0.7138810198300283,155422.49008498582,2920008.6680512982
none,reasoning,0.4,cluster_mean_median_wsize,353,0.9971751412429378,0.26628895184135976,0.5864022662889519,0.7195467422096318,1.0623229461756389e+20,1.9959236077963103e+21
none,reasoning,0.4,cluster_mean_mode,353,0.9971751412429378,0.254957507082153,0.5609065155807366,0.7082152974504249,155421.62322946175,2920008.6679262114
none,reasoning,0.4,cluster_mean_mode_wlen,353,0.9971751412429378,0.28328611898017,0.5637393767705382,0.6968838526912181,1.0623229461756389e+20,1.9959236077963103e+21
none,reasoning,0.4,cluster_mean_mode_wsize,353,0.9971751412429378,0.26062322946175637,0.5609065155807366,0.6997167138810199,1.0623229461756389e+20,1.9959236077963103e+21
none,reasoning,0.4,cluster_median_mean,353,0.9971751412429378,0.24362606232294617,0.5297450424929179,0.6657223796033994,240.88668555240793,3816.3589016612354
none,reasoning,0.4,cluster_median_mean_wlen,353,0.9971751412429378,0.2521246458923513,0.546742209631728,0.6685552407932012,163.1473087818697,2556.1186177683503
none,reasoning,0.4,cluster_median_mean_wsize,353,0.9971751412429378,0.24362606232294617,0.5410764872521246,0.6968838526912181,178.4815864022663,2811.9629902182105
none,reasoning,0.4,cluster_median_median,353,0.9971751412429378,0.3031161473087819,0.6062322946175638,0.7337110481586402,5.2747875354107645,23.19934550214823
none,reasoning,0.4,cluster_median_median_wlen,353,0.9971751412429378,0.32011331444759206,0.6062322946175638,0.7393767705382436,4.631728045325779,19.50412174060963
none,reasoning,0.4,cluster_median_median_wsize,353,0.9971751412429378,0.3087818696883853,0.6430594900849859,0.7592067988668555,5.688385269121813,26.228998073570075
none,reasoning,0.4,cluster_median_mode,353,0.9971751412429378,0.28895184135977336,0.6005665722379604,0.7308781869688386,5.237960339943343,23.1059267871085
none,reasoning,0.4,cluster_median_mode_wlen,353,0.9971751412429378,0.32011331444759206,0.5949008498583569,0.7252124645892352,6.84985835694051,48.1233071517132
none,reasoning,0.4,cluster_median_mode_wsize,353,0.9971751412429378,0.3059490084985836,0.6260623229461756,0.7393767705382436,10.586402266288951,95.73353304063276
none,reasoning,0.4,cluster_mode_mean,353,0.9971751412429378,0.24645892351274787,0.509915014164306,0.6657223796033994,241.0,3816.3583115372776
none,reasoning,0.4,cluster_mode_mean_wlen,353,0.9971751412429378,0.2521246458923513,0.5325779036827195,0.6628895184135978,163.23229461756375,2556.11762032811
none,reasoning,0.4,cluster_mode_mean_wsize,353,0.9971751412429378,0.2521246458923513,0.5410764872521246,0.6912181303116147,178.54957507082153,2811.904564606213
none,reasoning,0.4,cluster_mode_median,353,0.9971751412429378,0.29461756373937675,0.5892351274787535,0.7280453257790368,5.475920679886686,23.43437585410348
none,reasoning,0.4,cluster_mode_median_wlen,353,0.9971751412429378,0.31728045325779036,0.5949008498583569,0.7365439093484419,4.764872521246459,19.720425556665287
none,reasoning,0.4,cluster_mode_median_wsize,353,0.9971751412429378,0.32294617563739375,0.6203966005665722,0.7507082152974505,5.830028328611898,25.770176231505147
none,reasoning,0.4,cluster_mode_mode,353,0.9971751412429378,0.29461756373937675,0.5864022662889519,0.7223796033994334,10.643059490084985,95.44194206924442
none,reasoning,0.4,cluster_mode_mode_wlen,353,0.9971751412429378,0.32011331444759206,0.5864022662889519,0.7082152974504249,7.424929178470255,49.184540052438955
none,reasoning,0.4,cluster_mode_mode_wsize,353,0.9971751412429378,0.311614730878187,0.6062322946175638,0.7308781869688386,10.742209631728045,95.50408976307291
none,reasoning,0.4,dedup_k_mean,353,0.9971751412429378,0.18413597733711048,0.45325779036827196,0.623229461756374,2.428166734115745e+20,4.562111103534424e+21
none,reasoning,0.4,dedup_k_median,353,0.9971751412429378,0.21813031161473087,0.5552407932011332,0.7053824362606232,388492.0849858357,7298997.201988345
none,reasoning,0.4,dedup_k_mode,353,0.9971751412429378,0.18413597733711048,0.5042492917847026,0.6855524079320113,388492.46458923514,7298997.201990607
none,reasoning,0.4,dedup_text_mean,353,0.9971751412429378,0.24079320113314448,0.5212464589235127,0.6742209631728046,8.498583569405115e+19,1.5967388862370483e+21
none,reasoning,0.4,dedup_text_median,353,0.9971751412429378,0.31728045325779036,0.6175637393767706,0.7677053824362606,5.388101983002833,24.214340330068804
none,reasoning,0.4,dedup_text_mode,353,0.9971751412429378,0.3087818696883853,0.6062322946175638,0.7308781869688386,10.558073654390935,95.46007575066629
none,reasoning,0.4,mean,353,0.9971751412429378,0.24079320113314448,0.5212464589235127,0.6742209631728046,8.498583569405115e+19,1.5967388862370483e+21
none,reasoning,0.4,median,353,0.9971751412429378,0.31728045325779036,0.6175637393767706,0.7677053824362606,5.388101983002833,24.214340330068804
none,reasoning,0.4,mode,353,0.9971751412429378,0.3087818696883853,0.6062322946175638,0.7308781869688386,10.558073654390935,95.46007575066629
none,reasoning,0.4,trimmed_mean_10,353,0.9971751412429378,0.2719546742209632,0.56657223796034,0.7223796033994334,155441.96883852693,2920008.678599147
none,reasoning,0.4,winsor_mean_10,353,0.9971751412429378,0.2719546742209632,0.5580736543909348,0.71671388101983,155451.15297450425,2920008.690686478
none,reasoning,0.7,cluster_mean_mean,353,0.9971751412429378,0.24362606232294617,0.5127478753541076,0.6572237960339944,233938.09915014164,4393028.659634911
none,reasoning,0.7,cluster_mean_mean_wlen,353,0.9971751412429378,0.2521246458923513,0.5184135977337111,0.6713881019830028,199053.49008498582,3737464.7006635843
none,reasoning,0.7,cluster_mean_mean_wsize,353,0.9971751412429378,0.26345609065155806,0.5184135977337111,0.660056657223796,129843.56657223796,2437794.671440606
none,reasoning,0.7,cluster_mean_median,353,0.9971751412429378,0.3087818696883853,0.6147308781869688,0.7365439093484419,233839.3059490085,4393028.457741882
none,reasoning,0.7,cluster_mean_median_wlen,353,0.9971751412429378,0.311614730878187,0.6118980169971672,0.7478753541076487,77759.59206798866,1460177.6956616738
none,reasoning,0.7,cluster_mean_median_wsize,353,0.9971751412429378,0.2719546742209632,0.5750708215297451,0.7025495750708215,77739.51558073654,1460177.5614860882
none,reasoning,0.7,cluster_mean_mode,353,0.9971751412429378,0.31728045325779036,0.603399433427762,0.7337110481586402,77778.51841359773,1460177.9045892602
none,reasoning,0.7,cluster_mean_mode_wlen,353,0.9971751412429378,0.3059490084985836,0.5864022662889519,0.7280453257790368,77778.33144475921,1460177.9045819305
none,reasoning,0.7,cluster_mean_mode_wsize,353,0.9971751412429378,0.26912181303116145,0.56657223796034,0.6883852691218131,77739.85835694052,1460177.561508113
none,reasoning,0.7,cluster_median_mean,353,0.9971751412429378,0.254957507082153,0.5240793201133145,0.6713881019830028,195079.56940509914,3662939.965901898
none,reasoning,0.7,cluster_median_mean_wlen,353,0.9971751412429378,0.2521246458923513,0.5240793201133145,0.6912181303116147,151509.4759206799,2844183.259193718
none,reasoning,0.7,cluster_median_mean_wsize,353,0.9971751412429378,0.2577903682719547,0.5609065155807366,0.6912181303116147,65072.09065155807,1220980.26275497
none,reasoning,0.7,cluster_median_median,353,0.9971751412429378,0.32577903682719545,0.6345609065155807,0.7563739376770539,194963.71388101982,3662939.7094832673
none,reasoning,0.7,cluster_median_median_wlen,353,0.9971751412429378,0.3371104815864023,0.6260623229461756,0.7648725212464589,60.74504249291785,1050.2670953959225
none,reasoning,0.7,cluster_median_median_wsize,353,0.9971751412429378,0.32294617563739375,0.6175637393767706,0.7592067988668555,5.2974504249291785,24.254668660720966
none,reasoning,0.7,cluster_median_mode,353,0.9971751412429378,0.3342776203966006,0.6090651558073654,0.7535410764872521,60.946175637393765,1050.2727583135363
none,reasoning,0.7,cluster_median_mode_wlen,353,0.9971751412429378,0.31728045325779036,0.5864022662889519,0.7365439093484419,60.95184135977337,1050.2658074454066
none,reasoning,0.7,cluster_median_mode_wsize,353,0.9971751412429378,0.32577903682719545,0.6062322946175638,0.7450424929178471,5.152974504249292,24.05382302808202
none,reasoning,0.7,cluster_mode_mean,353,0.9971751412429378,0.23229461756373937,0.5070821529745042,0.6685552407932012,195080.41076487253,3662939.9660382364
none,reasoning,0.7,cluster_mode_mean_wlen,353,0.9971751412429378,0.23796033994334279,0.509915014164306,0.6883852691218131,151513.6685552408,2844183.260307347
none,reasoning,0.7,cluster_mode_mean_wsize,353,0.9971751412429378,0.24929178470254956,0.5410764872521246,0.6912181303116147,65069.44759206799,1220980.259977518
none,reasoning,0.7,cluster_mode_median,353,0.9971751412429378,0.3286118980169972,0.6203966005665722,0.7535410764872521,194963.74220963172,3662939.7094839783
none,reasoning,0.7,cluster_mode_median_wlen,353,0.9971751412429378,0.3371104815864023,0.623229461756374,0.7563739376770539,60.86402266288952,1050.2717670691475
none,reasoning,0.7,cluster_mode_median_wsize,353,0.9971751412429378,0.32011331444759206,0.5920679886685553,0.7478753541076487,5.458923512747876,24.43949573623318
none,reasoning,0.7,cluster_mode_mode,353,0.9971751412429378,0.31728045325779036,0.5864022662889519,0.7365439093484419,61.38243626062323,1050.3116224479722
none,reasoning,0.7,cluster_mode_mode_wlen,353,0.9971751412429378,0.32577903682719545,0.5949008498583569,0.7280453257790368,60.95467422096317,1050.2654959094948
none,reasoning,0.7,cluster_mode_mode_wsize,353,0.9971751412429378,0.311614730878187,0.5835694050991501,0.7223796033994334,5.325779036827195,24.24590733841259
none,reasoning,0.7,dedup_k_mean,353,0.9971751412429378,0.20396600566572237,0.43342776203966005,0.6062322946175638,259666.0764872521,4875589.298724359
none,reasoning,0.7,dedup_k_median,353,0.9971751412429378,0.2521246458923513,0.5382436260623229,0.7110481586402266,388592.79036827193,7300887.581160139
none,reasoning,0.7,dedup_k_mode,353,0.9971751412429378,0.23796033994334279,0.5014164305949008,0.7082152974504249,388592.43059490086,7300887.581156174
none,reasoning,0.7,dedup_text_mean,353,0.9971751412429378,0.2577903682719547,0.509915014164306,0.660056657223796,129843.57507082153,2437794.671413713
none,reasoning,0.7,dedup_text_median,353,0.9971751412429378,0.33994334277620397,0.6345609065155807,0.7705382436260623,5.192634560906516,23.5711808480661
none,reasoning,0.7,dedup_text_mode,353,0.9971751412429378,0.33994334277620397,0.6175637393767706,0.7450424929178471,5.61756373937677,25.958618190438038
none,reasoning,0.7,mean,353,0.9971751412429378,0.2577903682719547,0.509915014164306,0.660056657223796,129843.57507082153,2437794.671413713
none,reasoning,0.7,median,353,0.9971751412429378,0.33994334277620397,0.6345609065155807,0.7705382436260623,5.192634560906516,23.5711808480661
none,reasoning,0.7,mode,353,0.9971751412429378,0.33994334277620397,0.6175637393767706,0.7450424929178471,5.61756373937677,25.958618190438038
none,reasoning,0.7,trimmed_mean_10,353,0.9971751412429378,0.2577903682719547,0.546742209631728,0.7252124645892352,129772.01133144477,2437794.4952162686
none,reasoning,0.7,winsor_mean_10,353,0.9971751412429378,0.254957507082153,0.5354107648725213,0.6912181303116147,129777.49291784702,2437794.49997429
none,reasoning,1.0,cluster_mean_mean,353,0.9971751412429378,0.19830028328611898,0.5070821529745042,0.6855524079320113,8.130311614730879e+26,1.527546867833443e+28
none,reasoning,1.0,cluster_mean_mean_wlen,353,0.9971751412429378,0.21246458923512748,0.5297450424929179,0.6940509915014165,7.248989787912907e+26,1.361961529914805e+28
none,reasoning,1.0,cluster_mean_mean_wsize,353,0.9971751412429378,0.23229461756373937,0.509915014164306,0.6855524079320113,8.130311614730879e+26,1.527546867833443e+28
none,reasoning,1.0,cluster_mean_median,353,0.9971751412429378,0.311614730878187,0.6260623229461756,0.7705382436260623,388952.0481586402,7307554.126253388
none,reasoning,1.0,cluster_mean_median_wlen,353,0.9971751412429378,0.3059490084985836,0.6572237960339944,0.7932011331444759,389364.776203966,7315297.777646816
none,reasoning,1.0,cluster_mean_median_wsize,353,0.9971751412429378,0.2719546742209632,0.5949008498583569,0.7535410764872521,388865.4135977337,7305823.687895329
none,reasoning,1.0,cluster_mean_mode,353,0.9971751412429378,0.3031161473087819,0.5920679886685553,0.7478753541076487,388859.6940509915,7305823.687094751
none,reasoning,1.0,cluster_mean_mode_wlen,353,0.9971751412429378,0.311614730878187,0.6118980169971672,0.773371104815864,389365.04532577907,7315297.777835293
none,reasoning,1.0,cluster_mean_mode_wsize,353,0.9971751412429378,0.28611898016997167,0.5694050991501416,0.7393767705382436,388866.26345609064,7305823.68791161
none,reasoning,1.0,cluster_median_mean,353,0.9971751412429378,0.20679886685552407,0.5127478753541076,0.6827195467422096,8.130311614730879e+26,1.527546867833443e+28
none,reasoning,1.0,cluster_median_mean_wlen,353,0.9971751412429378,0.21813031161473087,0.5212464589235127,0.6968838526912181,7.248989787912907e+26,1.361961529914805e+28
none,reasoning,1.0,cluster_median_mean_wsize,353,0.9971751412429378,0.2521246458923513,0.5297450424929179,0.7025495750708215,8.130311614730879e+26,1.527546867833443e+28
none,reasoning,1.0,cluster_median_median,353,0.9971751412429378,0.3314447592067989,0.6317280453257791,0.7790368271954674,388951.716713881,7307554.126251407
none,reasoning,1.0,cluster_median_median_wlen,353,0.9971751412429378,0.33994334277620397,0.6657223796033994,0.8016997167138811,389363.4249291785,7315297.777578838
none,reasoning,1.0,cluster_median_median_wsize,353,0.9971751412429378,0.3314447592067989,0.6402266288951841,0.7875354107648725,388859.8271954674,7305823.687101668
none,reasoning,1.0,cluster_median_mode,353,0.9971751412429378,0.32294617563739375,0.6090651558073654,0.7648725212464589,388859.6373937677,7305823.6870975355
none,reasoning,1.0,cluster_median_mode_wlen,353,0.9971751412429378,0.3314447592067989,0.6317280453257791,0.7932011331444759,389358.53541076486,7315297.777024041
none,reasoning,1.0,cluster_median_mode_wsize,353,0.9971751412429378,0.34560906515580736,0.6260623229461756,0.7818696883852692,388859.8895184136,7305823.687105386
none,reasoning,1.0,cluster_mode_mean,353,0.9971751412429378,0.2096317280453258,0.4985835694050991,0.6855524079320113,8.130311614730879e+26,1.527546867833443e+28
none,reasoning,1.0,cluster_mode_mean_wlen,353,0.9971751412429378,0.21246458923512748,0.509915014164306,0.6883852691218131,7.248989787912907e+26,1.361961529914805e+28
none,reasoning,1.0,cluster_mode_mean_wsize,353,0.9971751412429378,0.24079320113314448,0.5184135977337111,0.6968838526912181,8.130311614730879e+26,1.527546867833443e+28
none,reasoning,1.0,cluster_mode_median,353,0.9971751412429378,0.3314447592067989,0.6260623229461756,0.7818696883852692,388824.46175637393,7305165.351650868
none,reasoning,1.0,cluster_mode_median_wlen,353,0.9971751412429378,0.32577903682719545,0.660056657223796,0.7875354107648725,389363.23796033993,7315297.777575103
none,reasoning,1.0,cluster_mode_median_wsize,353,0.9971751412429378,0.31728045325779036,0.6203966005665722,0.7790368271954674,388605.68555240793,7301046.137905403
none,reasoning,1.0,cluster_mode_mode,353,0.9971751412429378,0.31444759206798867,0.6147308781869688,0.7648725212464589,388605.10198300285,7301046.137898868
none,reasoning,1.0,cluster_mode_mode_wlen,353,0.9971751412429378,0.3314447592067989,0.6345609065155807,0.7847025495750708,389358.59206798865,7315297.777024218
none,reasoning,1.0,cluster_mode_mode_wsize,353,0.9971751412429378,0.32011331444759206,0.6147308781869688,0.7648725212464589,388605.75637393765,7301046.137909103
none,reasoning,1.0,dedup_k_mean,353,0.9971751412429378,0.17280453257790368,0.4192634560906516,0.5920679886685553,1.1086788565542106e+27,2.083018456136513e+28
none,reasoning,1.0,dedup_k_median,353,0.9971751412429378,0.23796033994334279,0.5609065155807366,0.71671388101983,389044.3342776204,7309284.565410552
none,reasoning,1.0,dedup_k_mode,353,0.9971751412429378,0.2096317280453258,0.5240793201133145,0.6997167138810199,389044.2549575071,7309284.565409404
none,reasoning,1.0,dedup_text_mean,353,0.9971751412429378,0.23229461756373937,0.49575070821529743,0.6827195467422096,8.130311614730879e+26,1.527546867833443e+28
none,reasoning,1.0,dedup_text_median,353,0.9971751412429378,0.34277620396600567,0.6515580736543909,0.7932011331444759,388824.6827195467,7305165.351658381
none,reasoning,1.0,dedup_text_mode,353,0.9971751412429378,0.32294617563739375,0.6288951841359773,0.7932011331444759,10.308781869688385,95.36352097707213
none,reasoning,1.0,mean,353,0.9971751412429378,0.23229461756373937,0.49575070821529743,0.6827195467422096,8.130311614730879e+26,1.527546867833443e+28
none,reasoning,1.0,median,353,0.9971751412429378,0.34277620396600567,0.6515580736543909,0.7932011331444759,388824.6827195467,7305165.351658381
none,reasoning,1.0,mode,353,0.9971751412429378,0.32294617563739375,0.6288951841359773,0.7932011331444759,10.308781869688385,95.36352097707213
none,reasoning,1.0,trimmed_mean_10,353,0.9971751412429378,0.26912181303116145,0.5750708215297451,0.7450424929178471,4.6524297232512526e+26,8.741121851579739e+27
none,reasoning,1.0,winsor_mean_10,353,0.9971751412429378,0.24929178470254956,0.5552407932011332,0.7252124645892352,8.064211520302172e+26,1.5151277876071548e+28
